formula,compounds,cas,molar_weigth,tfp_k,Tb(K),Tc(K),Pc(bar),Vc(cm3/mol),zc,omega,tmin_K,tmax_K,cp_trange,cp_a0,cp_a1,cp_a2,cp_a3,cp_a4,cpig,cpliq,antoine_a,antoine_b,antoine_c,pvpmin_bar,tmin_k,pvpmax_bar,tmax_k
He,helium-3,14762-55-1,3.017,1.01,3.33,3.31,1.14,72.5,0.3,-0.48,,,,2.5,0,0,0,0,20.79,,1.3975,5.594,273.84,0.02,1.12,2,4.41
He,helium,7440-59-7,4.003,2.15,4.3,5.19,2.27,57.3,0.301,-0.39,,,,2.5,0,0,0,0,20.79,,1.6836,8.1548,273.71,0.02,1.85,2,5.34
H2,hydrogen,1333-74-0,2.016,13.83,20.27,32.98,12.93,64.2,0.303,-0.217,50.0,1000.0,50.0-1000.0,2.883,0.003681,-7.72E-06,6.92E-09,-2.13E-12,28.84,,2.93954,66.7954,275.65,0.05,10.25,2,22.82
H2,"hydrogen, normal",800000-51-5,2.016,13.56,20.38,33.25,12.97,65,0.305,-0.216,,,,,,,,,28.83,,2.94928,67.5078,275.7,0.05,13.33,2,22.94
DH,deuterium hydride,13983-20-5,3.022,16.59,22.13,35.9,14.8,62.7,0.311,-0.176,50.0,1000.0,50.0-1000.0,3.893,-0.003508,1.08E-05,-1.34E-08,5.80E-12,29.2,,3.14102,77.1349,275.62,0.08,15.73,2,24.69
D2,deuterium,7782-39-0,4.028,18.63,22.13,38.25,16.5,60.2,0.312,,50.0,1000.0,50.0-1000.0,3.59,-0.000462,5.70E-07,3.60E-10,-2.60E-13,29.19,,3.14102,77.1349,275.62,0.02,15.2,2,18.97
D2,"deuterium, normal",800000-54-8,4.028,18.72,23.65,38.35,16.65,60.2,0.314,-0.143,,,,,,,,,29.2,,3.25315,83.5251,275.22,0.1,17.57,2,26.23
Ne,neon,1/9/7440,20.18,24.56,27.07,44.4,27.6,41.7,0.312,-0.016,,,,2.5,0,0,0,0,20.79,,3.20934,78.38,270.55,0.4,24.33,2,29.55
N2,nitrogen,7727-37-9,28.014,63.15,77.35,126.2,33.98,90.1,0.289,0.037,50.0,1000.0,50.0-1000.0,3.539,-0.000261,7.00E-08,1.57E-09,-9.90E-13,29.12,,3.61947,255.68,266.55,0.08,60.81,2,83.65
CO,carbon monoxide,630-08-0,28.01,68.15,81.66,132.85,34.94,93.1,0.292,0.045,50.0,1000.0,50.0-1000.0,3.912,-0.003913,1.18E-05,-1.30E-08,5.15E-12,29.14,,3.81912,291.743,267.996,0.2,69.73,2,88.08
F2,fluorine,7782-41-4,37.997,53.48,84.95,144.3,52.15,66.2,0.288,0.051,50.0,1000.0,50.0-1000.0,3.347,0.000467,5.26E-06,-7.94E-09,3.30E-12,31.3,,3.89078,304.35,266.54,0.02,61,2,91.39
Ar,argon,7440-37-1,39.948,83.8,87.27,150.86,48.98,74.57,0.291,-0.002,,,,2.5,0,0,0,0,20.79,,3.74141,304.227,276.32,0.6,82.59,2,94.26
O2,oxygen,7782-44-7,31.999,54.36,90.17,154.58,50.43,73.37,0.288,,50.0,1000.0,50.0-1000.0,3.63,-0.001794,6.58E-06,-6.01E-09,1.79E-12,29.38,,3.81634,319.013,266.7,0.02,64.29,2,97.2
CH4,methane,74-82-8,16.043,90.69,111.66,190.56,45.99,98.6,0.286,0.011,50.0,1000.0,50.0-1000.0,4.568,-0.008975,3.63E-05,-3.41E-08,1.09E-11,35.69,,3.7687,395.744,266.681,0.15,92.64,2,120.59
Kr,krypton,7439-90-9,83.8,115.77,119.74,209.4,55,91.2,0.288,,,,,2.5,0,0,0,0,20.79,,3.7556,416.38,264.45,0.5,111.34,2,129.23
NO,nitrogen monoxide (nitric oxide),10102-43-9,30.006,109.51,121.38,180,64.8,58,0.251,0.582,50.0,1000.0,50.0-1000.0,4.534,-0.007644,2.07E-05,-2.16E-08,8.06E-12,29.87,,5.8679,682.9386,268.27,0.15,106.94,2,127.56
F2O,oxygen difluoride,7783-41-7,53.996,49.35,128.38,215.2,49.5,97.6,0.27,,50.0,1000.0,50.0-1000.0,3.437,0.005527,5.02E-06,-1.45E-08,7.35E-12,43.31,,4.36109,545.05,269.91,0.02,93.1,2,137.4
F3N,nitrogen trifluoride,7783-54-2,71.002,66.37,144.11,234,45.3,118.75,0.256,0.124,,,,,,,,,,,3.90456,501.913,216,0.02,146.72,2,196.43
CF4,tetrafluoromethane,75-73-0,88.005,89.55,145.11,227.51,37.45,140.7,0.279,0.177,50.0,1000.0,50.0-1000.0,2.643,0.015383,8.50E-06,-2.94E-08,1.47E-11,61.05,,3.95894,510.595,257.2,0.02,106.2,2,155.54
F2N2,trans-difluorodiazene,13776-62-0,66.01,101.15,161.7,260,64,113.3,,,,,,,,,,,,,,,,,,,
O3,ozone,10028-15-6,47.998,80.65,161.8,261.05,55.7,89.4,0.229,0.224,50.0,1000.0,50.0-1000.0,4.106,-0.003809,3.13E-05,-4.30E-08,1.81E-11,39.6,,3.962,552.5,251,0.02,120,2,173.07
Xe,xenon,7440-63-3,131.29,161.25,165.01,289.74,58.4,118,0.286,,,,,2.5,0,0,0,0,20.79,,3.76779,566.282,258.66,0.6,156.43,2,177.84
F2N2,cis-difluorodiazene,13812-43-6,66.01,,167.4,272,68,113.3,,,,,,,,,,,,,,,,,,,
C2H4,ethylene,74-85-1,28.054,103.99,169.42,282.34,50.41,131.1,0.282,0.087,50.0,1000.0,50.0-1000.0,4.221,-0.008782,5.80E-05,-6.73E-08,2.51E-11,42.9,,3.91382,596.526,256.37,0.02,123.06,2,181.9
C2H6,ethane,74-84-0,30.07,90.35,184.55,305.32,48.72,145.5,0.279,0.099,50.0,1000.0,50.0-1000.0,4.178,-0.004427,5.66E-05,-6.65E-08,2.49E-11,52.47,231.5,3.95405,663.72,256.681,0.02,133.8,2,198.16
N2O,dinitrogen oxide (nitrous oxide),10024-97-2,44.013,182.33,184.67,309.6,72.55,97,0.273,,50.0,1000.0,50.0-1000.0,3.165,0.003401,9.89E-06,-1.88E-08,8.90E-12,38.64,,4.12884,654.26,247.16,0.8,180.82,2,196.91
H3P,phosphine,7803-51-2,33.998,139.37,185.42,324.5,65.4,,,,,,,,,,,,,,3.84049,645.512,256.07,0.03,137.44,2,199.46
F3NO,trifluoroamine oxide,13847-65-9,87.001,112.15,185.65,302.6,64,150.1,,,,,,,,,,,,,,,,,,,
C2H2F2,"1,1-difluoroethene",75-38-7,64.035,129.15,187.5,303.2,44.33,153.5,0.27,,200.0,1000.0,200.0-1000.0,0.749,0.026756,-1.91E-05,2.45E-09,2.04E-12,59.08,,,,,,,,
ClH,hydrogen chloride,7647-01-0,36.461,158.97,188.15,324.69,83.1,81,0.249,,50.0,1000.0,50.0-1000.0,3.827,-0.002936,8.79E-06,-1.03E-08,4.39E-12,29.17,,4.2949,745.78,258.88,0.15,159.97,2,201
C2H2,acetylene,74-86-2,26.038,192.35,188.4,308.3,61.14,112.2,0.268,0.189,50.0,1000.0,50.0-1000.0,2.41,0.010926,-2.55E-06,-7.90E-09,5.24E-12,59.03,,3.67374,528.67,228.79,1.2,191.44,2,201.11
ClD,deuterium chloride,5/7/7698,37.467,158.51,188.43,323.5,,,,,50.0,1000.0,50.0-1000.0,3.917,-0.003965,1.21E-05,-1.32E-08,5.21E-12,29.17,,4.06086,668.2,249.499,0.15,160.44,2,201.37
CHF3,trifluoromethane (R-23),75-46-7,70.014,117.96,191.11,298.97,48.36,133,0.259,0.267,50.0,1000.0,50.0-1000.0,3.45,0.00348,3.01E-05,-4.45E-08,1.83E-11,50.98,,4.2214,707.396,249.84,0.02,142.79,2,203.75
CClF3,chlorotrifluoromethane,75-72-9,104.459,92,191.71,301.84,38.73,180.3,0.276,0.175,50.0,1000.0,50.0-1000.0,2.369,0.023861,-1.58E-05,-3.66E-09,5.28E-12,66.87,,3.90353,654.656,249.39,0.02,140.61,2,205.48
CH3F,fluoromethane,593-53-3,34.033,131.35,194.88,315,55.48,113.3,0.24,0.204,50.0,1000.0,50.0-1000.0,4.561,-0.010437,4.81E-05,-5.07E-08,1.77E-11,37.51,,4.19421,734.222,253.57,0.02,144.17,2,208.17
C2F6,hexafluoroethane,76-16-4,138.012,173.05,195.21,293.04,30.39,221.9,0.277,0.257,50.0,1000.0,50.0-1000.0,2.525,0.043543,-2.95E-05,-6.30E-09,9.67E-12,106.54,,3.68388,572.733,233.65,0.3,175.65,2,208.8
C2F4,tetrafluoroethene,116-14-3,100.016,142,197.51,306.4,39.44,172,0.266,,200.0,1000.0,200.0-1000.0,2.223,0.036551,-4.78E-05,3.28E-08,-9.31E-12,80.41,,,,,,,,
F4N2,tetrafluorohydrazine,10036-47-2,104.007,111.65,198.95,309.2,37,181,0.222,,,,,,,,,,,,,,,,,,
FNO2,nitrogen dioxyfluoride,10022-50-1,65.004,107.15,200.75,349.3,82,,,,298.0,1000.0,298.0-1000.0,1.62,0.020883,-2.51E-05,1.59E-08,-4.20E-12,49.89,,3.9583,654.55,238,0.02,151,2,214.12
BrH,hydrogen bromide,10035-10-6,80.912,186.34,206.46,363.2,85.1,,,0.069,50.0,1000.0,50.0-1000.0,3.842,-0.003098,9.17E-06,-1.03E-08,4.26E-12,29.14,,3.41243,540.82,225.44,0.3,185.1,2,221.53
BrD,deuterium bromide,13536-59-9,81.918,185.69,206.65,362,,,,,50.0,1000.0,50.0-1000.0,3.716,-0.002318,7.38E-06,-7.17E-09,2.50E-12,29.23,,3.28728,505.68,220.6,0.3,185.2,2,221.89
F6S,sulfur hexafluoride,2551-62-4,146.056,222.45,209.25,318.72,37.6,198.4,0.282,0.208,,,,,,,,,,,5.5409,1096.5,262,0.02,162,2,220.4
Rn,radon,10043-92-2,222.018,202.15,209.8,377,63,140,0.281,,,,,2.5,0,0,0,0,20.79,,4.6204,884.41,255,0.02,158,2,222.9
H2S,hydrogen sulfide,6/4/7783,34.082,187.62,212.84,373.4,89.63,98,0.283,0.09,50.0,1000.0,50.0-1000.0,4.266,-0.003438,1.32E-05,-1.33E-08,4.88E-12,34.12,74.68,4.22882,806.933,251.39,0.2,185.51,2,227.2
CBrF3,bromotrifluoromethane,75-63-8,148.91,105.15,215.41,340.15,39.7,200,0.275,0.174,100.0,1000.0,100.0-1000.0,1.959,0.030789,-3.78E-05,2.24E-08,-5.15E-12,69.24,,3.8964,731.31,245.7,0.02,158.1,2,230.85
CH2F2,difluoromethane,75-10-5,52.024,137,221.43,351.26,58.05,121,0.245,0.278,50.0,1000.0,50.0-1000.0,4.15,-0.005584,4.38E-05,-5.16E-08,1.92E-11,42.88,,4.29712,833.137,245.86,0.02,166.23,2,235.78
C2HF5,pentafluoroethane,354-33-6,120.022,170.15,225.06,339.17,36.15,211.3,0.271,0.305,50.0,1000.0,50.0-1000.0,3.146,0.029937,-5.60E-07,-3.02E-08,1.67E-11,94.4,,4.13392,800.869,242.09,0.02,168.36,2,240.01
C3H6,propene (propylene),115-07-1,42.081,87.89,225.46,364.9,46,184.6,0.28,0.142,50.0,1000.0,50.0-1000.0,3.834,0.003893,4.69E-05,-6.01E-08,2.28E-11,64.32,112,3.95606,789.624,247.58,0.02,165.2,2,241.61
C2H3F3,"1,1,1-trifluoroethane (R-143a)",420-46-2,84.041,161.85,225.86,346.3,37.92,193.6,0.255,0.259,50.0,1000.0,50.0-1000.0,2.577,0.023727,4.80E-06,-2.82E-08,1.44E-11,78.61,,4.068,801.34,244.55,0.02,167.55,2,241.33
ClFO3,perchloryl fluoride,7616-94-6,102.449,125.41,226.49,368.4,53.7,161,0.282,,298.0,1000.0,298.0-1000.0,0.47,0.036338,-4.80E-05,3.15E-08,-8.30E-12,64.93,,4.02009,791.727,243.88,0.02,167.8,2,242.15
H2Se,hydrogen selenide,7/5/7783,80.976,207.42,228.25,411,89.2,,,,,,,,,,,,,,4.7603,927.6,240,0.02,177,2,213
C3H8,propane,74-98-6,44.097,91.45,231.02,369.83,42.48,200,0.276,0.152,50.0,1000.0,50.0-1000.0,3.847,0.005131,6.01E-05,-7.89E-08,3.08E-11,73.6,120,3.92828,803.997,247.04,0.02,168.9,2,247.76
CHClF2,chlorodifluoromethane (R-22),75-45-6,86.468,115.73,232.14,369.28,49.86,166,0.274,0.221,50.0,1000.0,50.0-1000.0,3.164,0.010422,1.18E-05,-2.65E-08,1.22E-11,55.85,110,4.13253,835.462,243.46,0.02,173.13,2,247.74
F4S,sulfur tetrafluoride,7783-60-0,108.06,148.15,233.15,364,43.3,146,0.209,0.258,298.0,1000.0,298.0-1000.0,-0.808,0.051235,-8.25E-05,6.34E-08,-1.89E-11,72.03,,3.9644,823.4,248,0.02,170,2,249.92
C2ClF5,"1-chloro-1,1,2,2,2-pentafluoroethane",76-15-3,154.467,173.73,234.08,353.1,31.29,256,0.273,0.251,50.0,1000.0,50.0-1000.0,2.355,0.050469,-5.16E-05,2.04E-08,-1.39E-12,111.1,,3.93652,795.212,241.37,0.02,172.89,2,250.52
C2HF5O,pentafluorodimethyl ether (E-125),3822-68-2,136.022,116,235,354.5,36.31,236.11,0.237,0.326,,,,,,,,,,,,,,,,,
C2H5F,fluoroethane,353-36-6,48.06,129.95,235.43,375.28,50.27,164,0.267,0.217,50.0,1000.0,50.0-1000.0,3.881,0.001616,4.80E-05,-6.16E-08,2.36E-11,59.61,,4.21998,897.368,250.66,0.02,174.1,2,251.47
C3F8,octafluoropropane,76-19-7,188.02,125.6,236.6,345.1,26.8,299.82,0.28,0.325,200.0,1000.0,200.0-1000.0,1.605,0.076488,-8.71E-05,4.54E-08,-8.56E-12,147.95,,,,,,,,
DI,deuterium iodide,14104-45-1,128.919,221.28,237.52,421.8,,,,,50.0,1000.0,50.0-1000.0,3.741,-0.002862,1.00E-05,-1.05E-08,3.82E-12,29.36,,2.72964,414.68,187.87,0.4,217.8,2,256.03
HI,hydrogen iodide,10034-85-2,127.912,222.38,237.57,423.9,90,132.7,,0.038,50.0,1000.0,50.0-1000.0,3.648,-0.001392,3.89E-06,-3.26E-09,1.10E-12,29.16,,2.69803,405.33,186.13,0.4,217.9,2,256.12
C3H4,"1,2-propadiene",463-49-0,40.065,136.85,238.77,394,52.5,173.9,0.279,0.122,50.0,1000.0,50.0-1000.0,3.403,0.006271,3.39E-05,-5.11E-08,2.16E-11,81.82,,2.8386,458.06,196.07,0.02,178,2,257
Cl2,chlorine,7782-50-5,70.905,172.19,239.12,417,77,124,0.275,,50.0,1000.0,50.0-1000.0,3.056,0.0053708,-8.10E-06,5.69E-09,-1.53E-12,29.14,,4.0628,861.34,246.33,0.02,176.31,2,255.79
H3N,ammonia,7664-41-7,17.031,195.41,239.82,405.4,113.53,72.47,0.255,0.257,50.0,1000.0,50.0-1000.0,4.238,-0.004215,2.04E-05,-2.13E-08,7.61E-12,35.65,83,4.4854,926.132,240.17,0.05,193.03,2,254.31
C3H6,cyclopropane,75-19-4,42.081,145.73,240.34,398.25,55.75,162.8,0.274,0.13,50.0,1000.0,50.0-1000.0,4.493,-0.018097,0.00012744,-1.60E-07,6.43E-11,55.57,,4.03084,866.15,248,0.02,176.3,2,257.37
D3N,trideuteroammonia,13550-49-7,20.049,198.82,242.1,405.5,113,72,0.241,,50.0,1000.0,50.0-1000.0,4.09,-0.003243,2.37E-05,-2.64E-09,9.61E-12,38.23,,4.61234,966.226,240.8,0.05,195.75,2,256.46
CCl2F2,dichlorodifluoromethane (R-12),75-71-8,120.913,115.19,243.45,385.1,41.3,217,0.28,0.179,50.0,1000.0,50.0-1000.0,2.185,0.031251,-3.72E-05,1.93E-08,-3.23E-12,72.28,119,4.01171,868.076,246.39,0.02,178.77,2,260.7
C2H2F4,"1,1,1,2-tetrafluoroethane (R-134a)",811-97-2,102.032,172.15,247.04,374.26,40.59,200.8,0.262,0.326,50.0,1000.0,50.0-1000.0,3.064,0.02542,5.86E-06,-3.34E-08,1.72E-11,86.64,,4.11874,850.881,232.99,0.02,186.41,2,263.04
C2H6O,dimethyl ether,115-10-6,46.069,131.65,248.31,400.1,54,170,0.276,,100.0,1000.0,100.0-1000.0,4.361,0.00607,2.90E-05,-3.58E-08,1.28E-11,65.57,,4.44136,1025.56,256.05,0.02,184.1,2,264.8
CH3Cl,chloromethane,74-87-3,50.488,175.44,248.95,416.2,66.8,143,0.276,0.151,200.0,1000.0,200.0-1000.0,3.578,-0.00175,3.07E-05,-3.71E-08,1.41E-11,40.74,81.84,4.16533,920.86,245.58,0.02,184.6,2,265.87
C2H4F2,"1,1-difluoroethane (R-152a)",75-37-6,66.051,156.15,249.1,386.41,45.16,181,0.252,0.276,50.0,1000.0,50.0-1000.0,3.292,0.011749,2.84E-05,-4.65E-08,1.94E-11,68.49,118,3.75231,735.16,220.27,0.02,187.74,2,265.89
C3H4,1-propyne (methyl acetylene),74-99-7,40.065,170.5,250.12,402.4,56.3,163.5,0.275,,50.0,1000.0,50.0-1000.0,3.158,0.01221,1.17E-05,-2.32E-08,1.00E-11,60.73,,4.24555,935.09,243.58,0.02,186.87,2,266.63
F2HN,difluoroamine,10405-27-3,53.012,157.15,250.15,403,63,97,0.182,,,,,,,,,,,,,,,,,,
C2H2F4,"1,1,2,2-tetrafluoroethane (R-134)",359-35-3,102.032,184.15,253.1,391.74,46.4,190.4,0.271,0.293,50.0,1000.0,50.0-1000.0,3.084,0.032841,-2.43E-05,4.88E-09,1.62E-12,90.32,,4.12013,885.597,235.9,0.02,190.05,2,269.75
C3H3F5,"1,1,1,2,2-pentafluoropropane (R-245cb)",1814-88-6,134.05,,255.1,380.4,31.48,268.74,0.267,0.297,,,,,,,,,,,,,,,,,
CHBrF2,bromodifluoromethane,1511-62-2,130.92,258.65,257.68,412,47.9,167,0.234,0.172,100.0,1000.0,100.0-1000.0,3.254,0.013871,-7.00E-07,-1.13E-08,6.06E-12,58.76,,3.4003,640.32,204.1,0.02,194.5,2,275.65
ClF5,chlorine pentafluoride,13637-63-3,130.445,171.15,259.28,416,53,230.4,,,,,,,,,,,,,3.39423,653.06,206.6,0.02,194.8,2,277.68
C2HClF4,"1-chloro-1,2,2,2-tetrafluoroethane (R-124)",2837-89-0,136.476,155,261.19,395.6,36.34,243.8,0.269,0.288,50.0,1000.0,50.0-1000.0,3.022,0.035834,-1.74E-05,-1.21E-08,9.94E-12,99.06,,4.0536,900.49,234.389,0.14,222,2.59,286
C4H10,isobutane,75-28-5,58.123,113.54,261.34,407.85,36.4,262.7,0.278,0.186,50.0,1000.0,50.0-1000.0,3.351,0.017883,5.48E-05,-8.10E-08,3.24E-11,96.65,142.5,4.00272,947.54,248.87,0.02,190.4,2,280.25
C2HClF4,"1-chloro-1,1,2,2-tetrafluoroethane",354-25-6,136.476,156.15,261.38,400,37.6,244,0.285,0.26,50.0,1000.0,50.0-1000.0,2.888,0.03836,-2.47E-05,-3.97E-09,6.77E-12,100.4,,4.2571,1006.84,248.6,0.02,193.6,2,279.06
O2S,sulfur dioxide,9/5/7446,64.065,197.67,263.13,430.8,78.84,122,0.269,,50.0,1000.0,50.0-1000.0,4.417,-0.002234,2.34E-05,-3.27E-08,1.39E-11,40.05,,4.4072,999.9,237.19,0.02,199.71,2,279.47
C2H3ClF2,"1-chloro-1,1-difluoroethane",75-68-3,100.495,142.35,264.05,410.3,40.48,231,0.267,0.231,50.0,1000.0,50.0-1000.0,2.338,0.029791,-1.05E-05,-1.34E-08,9.27E-12,83.26,130,4.05053,928.645,238.69,0.02,195.98,2,282.13
C4H8,2-methylpropene,115-11-7,56.108,132.81,266.24,417.9,40,238.8,0.275,0.199,50.0,1000.0,50.0-1000.0,3.231,0.020949,2.31E-05,-3.95E-08,1.57E-11,88.09,,3.80956,866.25,234.64,0.02,195.77,2,285.41
CH5N,methanamine,74-89-5,31.057,179.69,266.82,430,74.2,125,0.259,0.283,50.0,1000.0,50.0-1000.0,4.193,-0.002122,4.04E-05,-4.74E-08,1.75E-11,50.05,102.09,4.5442,1050.66,237.83,0.02,203.61,2,282.93
C4H8,1-butene,106-98-9,56.108,87.79,266.92,419.5,40.2,240.8,0.278,0.194,50.0,1000.0,50.0-1000.0,4.389,0.007984,6.14E-05,-8.20E-08,3.17E-11,85.56,124.9,3.9178,,238.54,0.02,196.41,2,285.88
C4F8,octafluorocyclobutane,115-25-3,200.031,232.96,267.17,388.37,27.78,324.8,0.279,,298.0,1000.0,298.0-1000.0,0.949,0.080942,-7.98E-05,2.97E-08,-8.70E-13,79.48,,,,,,,,
ClNO,nitrogen oxychloride,2696-92-6,65.459,213.55,267.77,440.6,91.2,,,,,,,,,,,,,,4.48644,1094.73,249.7,0.04,209.4,2,285.01
C4H6,"1,3-butadiene",106-99-0,54.092,164.24,268.62,425,43.2,221,0.27,0.195,50.0,1000.0,50.0-1000.0,3.607,0.005085,8.25E-05,-1.24E-07,5.32E-11,79.54,125.2,3.9664,927.21,238.63,0.02,198,2,287.49
CBrClF2,bromochlorodifluoromethane,353-59-3,165.365,113.65,269.2,426.9,42.6,246,0.295,0.182,100.0,1000.0,100.0-1000.0,1.968,0.036592,-5.49E-05,4.04E-08,-1.17E-11,74.65,,3.9585,933.04,240,0.02,198,2,288.26
C4H10,butane,106-97-8,58.123,134.79,272.66,425.12,37.96,255,0.274,0.2,200.0,1000.0,200.0-1000.0,5.547,0.005536,8.06E-05,-1.06E-07,4.13E-11,98.49,142.89,3.93266,935.773,238.789,0.02,200.5,2,292.03
C4F10,decafluoro-2-methylpropane,354-92-7,238.028,,273.15,395.4,24.2,378,0.278,,200.0,1000.0,200.0-1000.0,1.965,0.099798,-0.0001183,6.68E-08,-1.46E-11,78.02,,,,,,,,
C4H8,trans-2-butene,624-64-6,56.108,167.58,274.03,428.6,41,237.7,0.276,0.218,50.0,1000.0,50.0-1000.0,5.584,-0.00489,9.13E-05,-1.10E-07,4.09E-11,87.67,,4.00827,967.5,240.84,0.02,201.83,2,293.29
C3H9N,"N,N-dimethylmethanamine (trimethyl amine)",75-50-3,59.111,155.85,276.02,433.3,40.75,254,0.266,,298.0,1000.0,298.0-1000.0,1.66,0.027899,2.52E-05,-5.10E-08,2.19E-11,91.8,136.2,,,,,,,
C2Cl2F4,"1,2-dichloro-1,1,2,2-tetrafluoroethane",76-14-2,170.921,180.55,276.58,418.9,32.37,294,0.273,0.246,50.0,1000.0,50.0-1000.0,2.525,0.053644,-5.77E-05,2.42E-08,-1.99E-12,116.6,,3.93549,930.734,233.41,0.02,204.93,2,295.83
C2Cl2F4,"1,1-dichloro-1,2,2,2-tetrafluoroethane",374-07-2,170.921,216.58,276.59,418.7,32.13,294,0.271,0.244,50.0,1000.0,50.0-1000.0,2.268,0.056415,-6.91E-05,3.95E-08,-8.61E-12,115.8,,3.83243,875.938,225.46,0.02,206.04,2,295.73
C2H3F3,"1,1,2-trifluoroethane (R-143)",430-66-0,84.041,189.15,276.85,429.8,52.41,179.2,0.263,0.315,50.0,1000.0,50.0-1000.0,3.531,0.01645,2.07E-05,-4.22E-08,1.87E-11,77.34,,4.13152,928.177,221.27,0.02,211.07,2,294.19
C4H8,cis-2-butene,590-18-1,56.108,134.25,276.87,435.5,42.1,233.8,0.269,0.203,50.0,1000.0,50.0-1000.0,3.689,0.019184,2.23E-05,-3.43E-08,1.26E-11,80.15,127,4.00958,967.32,237.873,0.02,204.73,2,296.11
C3H2F6,"1,1,1,2,3,3-hexafluoropropane (R-236ea)",431-63-0,152.05,,279,412.5,,268.88,,0.382,,,,,,,,,,,,,,,,,
CH4S,methanethiol,74-93-1,48.109,150.18,279.11,470,72.3,145,0.268,0.15,50.0,1000.0,50.0-1000.0,4.119,0.001313,2.59E-05,-3.21E-08,1.21E-11,50.26,90.5,4.15653,1015.547,238.706,0.02,207.8,2,297.85
C2H7N,N-methylmethanamine ,124-40-3,45.084,180.96,280,437.2,53.4,180,0.264,,273.0,1000.0,273.0-1000.0,2.469,0.015462,2.64E-05,-4.03E-08,1.56E-11,70.5,,,,,,,,
C3H8O,methyl ethyl ether,540-67-0,60.096,160,280.5,437.8,44,221,0.267,0.236,100.0,1000.0,100.0-1000.0,4.008,0.021493,1.80E-05,-3.33E-08,1.33E-11,93.3,,3.00683,504.49,160.75,0.06,232,2,298.85
C4H6,1-butyne,107-00-6,54.092,147.29,281.21,440,46,208,0.262,0.245,50.0,1000.0,50.0-1000.0,2.995,0.0208,1.56E-05,-3.46E-08,1.52E-11,81.42,122.8,4.16676,1014.45,235.74,0.02,210.35,2,299.83
CHCl2F,dichlorofluoromethane,75-43-4,102.923,138.2,281.97,451.52,51.87,196,0.271,0.207,50.0,1000.0,50.0-1000.0,2.949,0.01713,-6.29E-06,-8.21E-09,5.73E-12,60.94,108,4.02473,959.934,230.03,0.02,210.83,2,300.91
C5H12,"2,2-dimethylpropane (neopentane)",463-82-1,72.15,256.58,282.65,433.75,31.99,303.2,0.269,0.197,200.0,1000.0,200.0-1000.0,-11.428,0.156037,-0.00033383,4.01E-07,-1.78E-10,120.8,172,3.83916,938.234,235.249,0.4,259.33,2,303.08
C2H5Cl,chloroethane,75-00-3,64.514,134.82,285.42,460.3,53,199,0.276,,200.0,1000.0,200.0-1000.0,3.029,0.009885,2.97E-05,-4.55E-08,1.87E-11,62.64,106,4.09088,1020.63,237.57,0.02,211.86,2,304.89
C4H8,cyclobutane,287-23-0,56.108,182.42,285.64,460,49.9,218,0.275,0.185,50.0,1000.0,50.0-1000.0,4.739,-0.016423,0.00014488,-1.80E-07,7.09E-11,70.56,109.3,4.04436,1025.5,241.43,0.02,210.2,2,305.67
C2H7N,ethanamine,75-04-7,45.084,192.15,289.75,456.4,56.3,181.8,0.267,0.276,50.0,1000.0,50.0-1000.0,4.64,0.002069,5.80E-05,-7.66E-08,3.04E-11,71.54,129.7,4.434,1102.88,232.45,0.02,220.53,2,307.55
FH,hydrogen fluoride,7664-39-3,20.006,189.58,292.68,461,65,69,0.117,,50.0,1000.0,50.0-1000.0,3.901,-0.003708,1.17E-05,-1.47E-08,6.39E-12,29.14,52,4.80588,1475.6,287.88,0.02,212.1,2,312.83
C3HF7,"1,1,1,2,3,3,3-heptafluoropropane ",431-89-0,170.03,,293,376,,293.15,,,,,,,,,,,,137,,,,,,,
C5H10,3-methyl-1-butene,563-45-1,70.134,104.65,293.21,452.7,35.5,304.9,0.288,0.211,298.0,1000.0,298.0-1000.0,2.108,0.041912,-4.16E-06,-1.94E-08,9.54E-12,115,156.1,3.94945,1012.37,236.647,0.02,215.73,2,221.5
CBr2F2,dibromodifluoromethane,75-61-6,209.816,163.05,295.94,471.3,45.3,250,0.286,,100.0,1000.0,100.0-1000.0,2.476,0.036115,-5.67E-05,4.37E-08,-1.32E-11,77.02,,4.1878,1127.43,246.8,0.02,217.8,2,316.42
CCl3F,trichlorofluoromethane (R-11),75-69-4,137.368,162.69,296.81,471.1,44.72,248,0.283,0.195,50.0,1000.0,50.0-1000.0,2.09,0.03889,-6.08E-05,4.54E-08,-1.32E-11,78.09,121.8,4.00905,1043.313,236.95,0.02,218.98,2,317.57
C2HCl2F3,"1,1-dichloro-2,2,2-trifluoroethane (R-123)",306-83-2,152.931,166,300.81,456.9,36.74,278.05,0.269,0.282,50.0,1000.0,50.0-1000.0,2.996,0.03949,-2.74E-05,-1.22E-09,5.72E-12,102.6,,4.21161,1132.447,241.59,0.02,223.16,2,321.15
C5H12,2-methylbutane,78-78-4,72.15,113.26,300.99,460.39,33.81,308.3,0.272,0.229,200.0,1000.0,200.0-1000.0,1.959,0.038191,2.43E-05,-5.18E-08,2.17E-11,118.97,164.8,3.92023,1022.88,233.46,0.02,221.72,2,322.32
C2HCl2F3,"1,2-dichloro-1,2,2-trifluoroethane (R-123a)",354-23-4,152.931,195,301,461.7,,278,,,50.0,1000.0,50.0-1000.0,2.699,0.043299,-3.66E-05,6.97E-09,3.22E-12,104.45,,,,,,,,
C3H3F5,"1,1,2,2,3-pentafluoropropane (R-245ca)",679-86-7,134.05,191.2,301.2,447.6,,256.02,,0.353,,,,,,,,,,,,,,,,,
C3H3F5O,"2-(difluoromethoxy)-1,1,1-trifluoroethane  (E-245)",1885-48-9,150.05,,302.2,444,,291.02,,,,,,,,,,,,,,,,,,,
N2O4,dinitrogen tetroxide (nitrogen dioxide),10544-72-6,92.011,261.95,302.22,431.01,101,,,1.007,50.0,1000.0,50.0-1000.0,3.374,0.027257,-1.92E-05,-6.16E-09,8.59E-12,81.07,142.2,4.50989,1185.722,234.18,0.1,254.17,2,320.69
C5F12,dodecafluoropentane,678-26-2,288.036,263.15,302.35,422,20.4,383.1,0.272,0.415,200.0,1000.0,200.0-1000.0,2.315,0.123238,-0.00014997,8.88E-08,-2.08E-11,231.95,,,,,,,,
C5H10,1-pentene,109-67-1,70.134,106.95,303.11,464.8,35.6,298.4,0.275,0.237,200.0,1000.0,200.0-1000.0,5.079,0.011919,7.84E-05,-1.10E-07,4.38E-11,108.2,154,3.96914,1044.01,233.45,0.02,223.89,2,324.32
C4H4O,furan,110-00-9,68.075,187.54,304.44,490.15,55,218,0.281,,50.0,1000.0,50.0-1000.0,3.816,-0.010453,0.00012446,-1.69E-07,7.02E-11,65.4,114.64,4.1199,1070.2,830,0.02,228.2,2,324.56
C2H4O2,methyl methanoate (methyl formate),107-31-3,60.053,174.15,304.9,487.2,60,172,0.255,,298.0,1000.0,298.0-1000.0,2.277,0.018013,1.16E-05,-2.92E-08,1.34E-11,66.5,119.7,4.29529,1125.2,230.56,0.02,230.3,2,324.29
C3H9N,2-propanamine (methyl ethyl amine),75-31-0,59.111,177.95,304.93,471.8,45.4,221,0.256,0.277,50.0,1000.0,50.0-1000.0,3.633,0.022221,3.09E-05,-5.38E-08,2.24E-11,97.55,163.88,4.0553,1005.49,216.51,0.02,231.38,2,324.47
C2H3Cl2F,"1,1-dichloro-1-fluoroethane (R-141b)",1717-00-6,116.95,169.6,305.2,477.35,42.5,254,0.272,0.225,50.0,1000.0,50.0-1000.0,2.14,0.036934,-3.12E-05,9.27E-09,6.80E-13,88.37,,4.03117,1062.074,231.799,0.02,226.71,2,326.09
C4H10O,diethyl ether,60-29-7,74.123,156.86,307.59,466.7,36.4,280,0.263,0.281,100.0,1000.0,100.0-1000.0,4.612,0.037492,-1.87E-05,1.32E-08,-6.98E-12,119.46,172.6,4.10962,1090.64,231.2,0.02,229.71,2,328.31
C2H6S,ethanethiol,75-08-1,62.136,152.15,308.15,499,54.9,207,0.274,,50.0,1000.0,50.0-1000.0,3.894,0.012951,2.05E-05,-3.29E-08,1.31E-11,73.01,117.8,4.07696,1084.531,231.385,0.02,229.5,2,328.99
C5H12,pentane,109-66-0,72.15,143.43,309.22,469.7,33.7,311,0.268,0.252,200.0,1000.0,200.0-1000.0,7.554,-0.000368,0.00011846,-1.49E-07,5.75E-11,120.04,167.19,3.97786,1064.84,232.014,0.02,228.71,2,330.75
C5H10,cis-2-pentene,627-20-3,70.134,121.78,310.07,475,36.9,302.1,0.273,0.253,298.0,1000.0,298.0-1000.0,2.901,0.031785,1.84E-05,-3.95E-08,1.61E-11,108.87,151.8,3.96798,1052.44,228.693,0.02,229.4,2,331.46
C2H6S,2-thiapropane ,75-18-3,62.136,174.85,310.48,503,55.3,201,0.266,,273.0,1000.0,273.0-1000.0,3.535,0.01753,5.96E-06,-1.63E-08,6.96E-12,74.06,118.1,4.07369,1090.755,230.799,0.02,231.3,2,331.47
C2H5Br,bromoethane,74-96-4,108.966,154.55,311.5,503.8,62.3,214.9,,,100.0,1000.0,100.0-1000.0,3.636,0.006861,3.75E-05,-5.45E-08,2.23E-11,64.23,99.8,4.04485,1090.811,231.71,0.02,231.35,2,332.8
C5H10,2-methyl-2-butene,513-35-9,70.134,139.4,311.7,470,38.6,292,0.288,0.339,298.0,1000.0,298.0-1000.0,1.24,0.039303,2.70E-06,-2.50E-08,1.12E-11,105,152.8,4.09149,1124.33,236.63,0.02,230.69,2,333.14
CH2Cl2,dichloromethane,75-09-2,84.932,176,312.79,510,61,,,,200.0,1000.0,200.0-1000.0,2.71,0.011561,3.24E-06,-1.37E-08,6.62E-12,50.88,100,4.07622,1070.07,223.24,0.02,235.2,2,333.36
C5H8,1-pentyne,627-19-0,68.119,167.5,313.38,470,41.7,277,0.296,0.394,50.0,1000.0,50.0-1000.0,3.382,0.031688,7.90E-06,-3.11E-08,1.42E-11,106.69,167,4.0026,1068.1,227,0.02,233,2,334
BrF5,bromine pentafluoride,7789-30-2,174.896,212.65,314.31,470,,,,,,,,,,,,,,,4.39858,1219.28,236.4,0.02,236.8,2,334.31
C5H8,cyclopentene,142-29-0,68.119,138.05,317.35,506.5,48,245,0.279,,50.0,1000.0,50.0-1000.0,4.555,-0.012408,0.00015195,-1.97E-07,7.90E-11,81.25,122.4,,,,,,,
O3S,sulfur trioxide,11/9/7446,80.064,289.95,317.9,490.9,82.1,126.5,0.254,,50.0,1000.0,50.0-1000.0,3.426,0.006479,1.69E-05,-3.36E-08,1.59E-11,50.86,226.8,6.17575,1735.31,236.5,0.15,284.5,2,332.04
C3H7Cl,1-chloropropane,540-54-5,78.541,150.35,319.67,503.1,45.8,254,0.278,,200.0,1000.0,200.0-1000.0,4.365,0.009895,5.37E-05,-7.71E-08,3.12E-11,85.3,131,4.07655,1125.009,229.86,0.02,238.09,2,341.29
C3H9N,1-propanamine (propyl amine),107-10-8,59.111,188.35,320.38,497,48,235,0.273,0.283,50.0,1000.0,50.0-1000.0,4.142,0.012606,5.47E-05,-7.52E-08,2.92E-11,91.8,136.2,4.3444,1186.39,226.21,0.02,258.31,2,340.36
C2Cl3F3,"1,1,2-trichloro-1,2,2-trifluoroethane",76-13-1,187.375,236.95,320.74,487.4,33.78,325,0.274,0.249,50.0,1000.0,50.0-1000.0,2.133,0.063238,-8.92E-05,6.14E-08,-1.68E-11,121,,4.00134,1107.71,229.64,0.02,237.83,2,342.87
C5H10,cyclopentane,287-92-3,70.134,179.28,322.38,511.6,45.08,260,0.276,,50.0,1000.0,50.0-1000.0,5.019,-0.019734,0.00017917,-2.17E-07,8.22E-11,82.76,126.8,4.06783,1152.574,234.51,0.02,238.5,2,344.62
C3H2ClF5O,"1-chloro-2,2,2-trifluoroethyl difluoromethyl ether (isoflurane)",26675-46-7,184.493,,322.42,467.8,30.46,,,0.402,,,,,,,,,,,,,,,,,
C6H14,"2,2-dimethylbutane",75-83-2,86.177,173.33,322.87,488.7,30.8,359.1,0.272,0.233,200.0,1000.0,200.0-1000.0,3.007,0.039059,4.85E-05,-8.24E-08,3.37E-11,141.5,188.7,3.8959,1090.16,230.517,0.02,237.4,2,345.89
C2HBrClF3,"1-bromo-1-chloro-2,2,2-trifluoroethane",151-67-7,197.382,,323.32,492.2,38,302,0.28,0.283,,,,,,,,,,,4.20682,1199.262,235.29,0.02,240.92,2,344.91
F6U,uranium hexafluoride,7783-81-5,352.07,337,324.96,503.35,45.31,250,0.271,0.277,,,,,,,,,,,,,,,,,
C2HBrClF3,"1-bromo-2-chloro-1,1,2-trifluoroethane",354-06-3,197.382,,325.7,487.3,34.2,304,0.257,0.32,,,,,,,,,,,3.48366,841.141,189.3,0.02,246.15,2,348.14
C6H12,4-methylpent-1-ene,691-37-2,84.161,119.5,326.82,495,32.9,357.9,0.286,0.257,298.0,1000.0,298.0-1000.0,-1.326,0.065625,-3.56E-05,5.14E-09,1.76E-12,126.59,,3.96019,1121.302,229.687,0.02,241.6,2,349.9
C3H6O2,ethyl methanoate (ethyl formate),109-94-4,74.079,193.55,327.47,508.5,47.4,229,0.257,0.282,,,,,,,,,89,146.6,4.07899,1101,215.98,0.02,247.8,2,348.6
C4H11N,diethyl amine,109-89-7,73.138,223.35,328.6,496.6,37.1,301,0.27,0.291,298.0,1000.0,298.0-1000.0,3.028,0.032373,2.83E-05,-5.50E-08,2.30E-11,116,178.1,,,,,,,
C3H6O,acetone,67-64-1,58.08,178.5,329.22,508.1,47,209,0.233,0.307,200.0,1000.0,200.0-1000.0,5.126,0.001511,5.73E-05,-7.18E-08,2.73E-11,74.52,126.6,4.2184,1197.01,228.06,0.02,247.38,2,350.65
C6F14,tetradecafluorohexane,355-42-0,338.044,186.05,329.75,448.7,18.7,573.2,0.274,0.513,200.0,1000.0,200.0-1000.0,2.66,0.146733,-0.00018179,1.11E-07,-2.71E-11,273.99,,,,,,,,
C3H2ClF5O,"2-chloro-1,1,2-trifluoroethyl difluoromethyl ether ",13838-16-9,184.493,,329.98,475.03,29.8,,,0.43,,,,,,,,,,,,,,,,,
C3H6O2,methyl acetate,79-20-9,74.079,175.15,330.09,506.8,46.9,228,0.254,,298.0,1000.0,298.0-1000.0,4.242,0.014388,3.34E-05,-4.93E-08,1.93E-11,85.3,143.9,4.18621,1156.43,219.69,0.02,249.9,2,351.11
C2H4Cl2,"1,1-dichloroethane",75-34-3,98.959,176.19,330.45,523,51,236,0.277,,200.0,1000.0,200.0-1000.0,2.61,0.024853,-6.75E-06,-1.04E-08,6.43E-12,76.32,126.4,4.1678,1201.05,231.27,0.02,246.6,2,352.49
C6F14,tetradecafluoro-2-methylpentane,355-04-4,338.044,,330.75,453,18.2,550,0.266,,,,,,,,,,,,,,,,,,
C6H14,"2,3-dimethylbutane",79-29-8,86.177,144.35,331.12,499.9,31.3,357.6,0.269,0.248,200.0,1000.0,200.0-1000.0,-2.214,0.074352,-3.70E-05,2.73E-09,3.08E-12,139.41,188.66,3.93486,1127.4,228.966,0.02,244.2,2,354.43
C6F14,tetradecafluoro-3-methylpentane,865-71-4,338.044,158.15,331.55,450,16.9,531,0.24,,,,,,,,,,,,,,,,,,
Br2,bromine,7726-95-6,159.808,265.85,331.9,584.1,103,135,0.269,0.119,50.0,1000.0,50.0-1000.0,3.212,0.00716,-1.53E-05,1.45E-08,-4.99E-12,36.05,75.67,4.0027,1119.68,221.38,0.06,266,2,354.25
C6F14,"tetradecafluoro-2,3-dimethyl butane",354-96-1,338.044,258.15,332.95,463,18.7,528,0.255,,,,,,,,,,,,,,,,,,
C6H14,2-methylpentane,107-83-5,86.177,119.48,333.4,497.5,30.1,366.7,0.267,0.278,200.0,1000.0,200.0-1000.0,2.096,0.046419,3.12E-05,-6.83E-08,2.90E-11,142.21,193.93,3.98332,1145.8,227.815,0.02,246.9,2,356.5
CHCl3,trichloromethane,67-66-3,119.377,209.74,334.33,536.5,55,240,0.296,,200.0,1000.0,200.0-1000.0,2.389,0.026218,-3.15E-05,1.86E-08,-4.23E-12,65.4,113.8,3.96288,1106.904,218.552,0.02,250.1,2,356.89
C6H14,3-methylpentane,96-14-0,86.177,110.26,336.4,504.4,31.2,366.7,0.273,0.273,200.0,1000.0,200.0-1000.0,0.433,0.011143,7.30E-06,-1.61E-08,6.90E-12,140.1,190.66,3.99283,1162.37,228.286,0.02,249,2,359.72
C6H12,1-hexene,592-41-6,84.161,133.34,336.63,504,31.43,355.1,0.266,0.281,200.0,1000.0,200.0-1000.0,6.303,0.012352,0.00010258,-1.43E-07,5.71E-11,130.83,183.3,3.9826,1148.62,225.34,0.02,249.98,2,359.8
C5H12O,ethyl propyl ether,628-32-0,88.15,146.45,337.01,500.6,32.5,339,0.265,0.328,,,,,,,,,140,197.4,3.83648,1052.47,210.88,0.02,252.4,2,359.96
CH4O,methanol,67-56-1,32.042,175.49,337.69,512.64,80.97,118,0.224,0.565,50.0,1000.0,50.0-1000.0,4.714,-0.006986,4.21E-05,-4.44E-08,1.54E-11,44.06,81.08,5.20277,1580.08,239.5,0.02,262.59,2,356
C5H6O,2-methylfuran,534-22-5,82.102,178.87,337.87,527.85,47.2,246.4,0.255,0.278,50.0,1000.0,50.0-1000.0,3.952,0.005535,9.25E-05,-1.30E-07,5.35E-11,89.66,143.7,3.7041,991.2,203.29,0.02,253.3,2,361.13
C4H8O,tetrahydrofuran,109-99-9,72.107,164.61,339.12,540.2,51.9,224,0.259,,50.0,1000.0,50.0-1000.0,5.171,-0.019464,0.0001646,-2.04E-07,8.00E-11,76.53,124.1,4.12142,1203.11,226.355,0.02,253.5,2,361.71
C3H8S,2-thiabutane (methyl ethyl sulfide),624-89-5,76.163,167.24,339.8,533,42.6,260,0.25,,273.0,1000.0,273.0-1000.0,2.816,0.029186,8.07E-06,-2.89E-08,1.33E-11,95.06,144.6,4.06339,1182.562,224.784,0.02,253.5,2,362.68
C4H11N,2-methyl-1-propanamine (isobutyl amine),78-81-9,73.138,188.55,340.81,528.5,40.2,286,0.262,0.22,298.0,1000.0,298.0-1000.0,0.38,0.053027,-2.44E-05,2.07E-09,3.80E-13,117.09,194,3.9007,1055.56,203.35,0.02,258.31,2,363.04
C4H9Cl,2-chlorobutane,78-86-4,92.568,141.85,341.24,520.6,36.8,312,0.265,0.267,200.0,1000.0,200.0-1000.0,4.45,0.022285,4.35E-05,-7.22E-08,3.02E-11,110.22,,4.1222,1245.2,234.4,0.02,252.6,2,364.62
C6H14,hexane,110-54-3,86.177,177.84,341.88,507.6,30.25,368,0.264,0.3,200.0,1000.0,200.0-1000.0,8.831,-0.000166,0.00014302,-1.83E-07,7.12E-11,142.59,195.43,4.00139,1170.875,224.317,0.02,254.24,2,365.25
H2S2,dihydrogen disulfide,13465-07-1,66.148,183.35,344.25,572,59.1,150,0.186,,50.0,1000.0,50.0-1000.0,3.364,0.008093,6.36E-06,-1.99E-08,1.05E-11,49.21,92.74,4.055,1199,225,0.02,256,2,367.55
C6H12,methylcyclopentane,96-37-7,84.161,130.72,344.98,532.79,37.84,319,0.272,0.227,50.0,1000.0,50.0-1000.0,5.379,-0.008258,0.00017293,-2.16E-07,8.26E-11,109.5,158.7,4.18199,1295.543,238.39,0.02,255.06,2,368.58
C4H11N,1-butanamine (butyl amine),109-73-9,73.138,224.05,349.44,526.8,40.4,290,0.267,0.338,298.0,1000.0,298.0-1000.0,2.668,0.038366,1.15E-05,-3.82E-08,1.71E-11,113.9,294.3,4.3077,1276.87,220.52,0.02,265.2,2,371.32
C7F14,tetradecafluoromethylcyclohexane,355-02-2,350.055,228.45,349.45,485.91,20.19,570,0.285,,200.0,1000.0,200.0-1000.0,3.002,0.170245,-0.00021365,1.33E-07,-3.34E-11,316.03,,,,,,,,
CCl4,tetrachloromethane,56-23-5,153.822,250.33,349.79,556.3,45.57,276,0.271,,200.0,1000.0,200.0-1000.0,2.518,0.041882,-7.16E-05,5.74E-08,-1.76E-11,83.43,131.6,4.10445,1265.632,232.148,0.02,259,2,373.76
C4H8O2,ethyl acetate,141-78-6,88.106,189.55,350.21,523.2,38.3,286,0.252,0.361,298.0,1000.0,298.0-1000.0,10.228,-0.014948,0.00013033,-1.57E-07,6.00E-11,113.64,170.6,4.13361,1195.13,212.47,0.02,265.5,2,372.51
C2H6O,ethanol,64-17-5,46.069,159.05,351.8,513.92,61.48,167,0.24,0.649,50.0,1000.0,50.0-1000.0,4.396,0.000628,5.55E-05,-7.02E-08,2.69E-11,65.21,112.25,5.33675,1648.22,230.918,0.02,276.5,2,369.54
C7H16,"2,2-dimethylpentane",590-35-2,100.204,149.37,352.32,520.4,27.7,415.8,0.266,0.287,200.0,1000.0,200.0-1000.0,1.315,0.060462,2.81E-05,-7.62E-08,3.43E-11,166.7,221.2,3.94392,1191.959,223.498,0.02,260.9,2,376.84
C4H8O2,methyl propanoate,554-12-1,88.106,185.65,352.6,530.6,40,282,0.256,0.349,,,,,,,,,,,3.98745,1129.57,204.24,0.02,267.5,2,375.32
C4H8O,butanone (methyl ethyl ketone),78-93-3,72.107,186.51,352.71,536.8,42.1,267,0.252,0.322,200.0,1000.0,200.0-1000.0,6.349,0.011062,4.85E-05,-6.48E-08,2.47E-11,103.26,158.9,4.1386,1232.63,218.69,0.02,265.62,2,375.66
C6H6,benzene,71-43-2,78.114,278.68,353.24,562.05,48.95,256,0.268,0.21,50.0,1000.0,50.0-1000.0,3.551,-0.006184,0.00014365,-1.98E-07,8.23E-11,82.43,135.95,3.98523,1184.24,217.572,0.05,279.64,2,377.06
C5H10O,2-methyltetrahydrofuran,96-47-9,86.134,137.04,353.37,537,37.6,267,0.225,0.292,,,,,,,,,,,3.95009,1175.51,217.802,0.02,263.44,2,377.49
C6F6,hexafluorobenzene,392-56-3,186.056,,353.4,516.73,32.75,335,0.255,0.396,200.0,1000.0,200.0-1000.0,2.531,0.075268,-8.41E-05,4.85E-08,-1.17E-11,155.38,,,,,,,,
C7H16,"2,4-dimethylpentane",108-08-7,100.204,153.94,353.62,519.7,27.4,417.5,0.265,0.304,200.0,1000.0,200.0-1000.0,-3.133,0.097923,-6.91E-05,2.42E-08,-2.50E-12,170.75,224.22,3.95442,1193.612,221.807,0.02,262.4,2,378.01
C6H12,cyclohexane,110-82-7,84.161,279.69,353.93,553.5,40.73,308,0.273,0.211,100.0,1000.0,100.0-1000.0,4.035,-0.004433,0.00016834,-2.08E-07,7.75E-11,106.1,156.2,3.93002,1182.774,220.618,0.06,282.11,2,378.46
C7H16,"2,2,3-trimethylbutane",464-06-2,100.204,248.15,354.01,531.1,29.5,397.6,0.266,0.25,200.0,1000.0,200.0-1000.0,-0.711,0.073562,-1.01E-05,-3.02E-08,1.58E-11,163.3,213.51,3.91555,1199.397,225.908,0.02,260.9,2,379.04
C4H8O2,propyl methanoate (propyl formate),110-74-7,88.106,180.25,354.69,538,40.6,285,0.259,0.32,,,,,,,,,110.1,178.1,3.97008,1132.3,204.08,0.02,268.9,2,377.68
C3H8O,2-propanol,67-63-0,60.096,183.65,355.39,508.3,47.62,220,0.248,0.665,50.0,1000.0,50.0-1000.0,3.334,0.018853,3.64E-05,-6.12E-08,2.54E-11,89.32,154.4,5.24268,1580.92,219.61,0.02,281.28,2,373.46
C4H10O,2-methyl-2-propanol (tert-butanol),75-65-0,74.123,298.55,355.49,506.21,39.73,275,0.26,0.613,50.0,1000.0,50.0-1000.0,2.611,0.036052,1.52E-05,-4.36E-08,1.95E-11,113.63,220.1,4.44484,1154.48,177.65,0.02,283,2,374.1
C7F16,hexadecafluoroheptane,335-57-9,388.052,195.15,355.59,475,16.5,664.3,0.248,0.561,298.0,1000.0,298.0-1000.0,6.079,0.048333,1.58E-06,-3.86E-08,1.95E-11,164.3,,,,,,,,
C6H10,cyclohexene,110-83-8,82.145,169.67,356.12,560.4,,296.88,,,50.0,1000.0,50.0-1000.0,3.874,-0.000909,0.00014902,-1.99E-07,8.01E-11,101.49,,,,,,,,
C2H4Cl2,"1,2-dichloroethane",107-06-2,98.959,237.46,356.66,561,54,220,0.255,,298.0,1000.0,298.0-1000.0,2.99,0.023197,-4.04E-06,-1.13E-08,6.17E-12,77.32,126.3,4.28356,1341.37,230.05,0.02,267.4,2,379.91
C4H4S,thiophene,110-02-1,84.142,233.75,357.31,580,56.6,219,0.252,,50.0,1000.0,50.0-1000.0,3.063,0.00152,9.51E-05,-1.41E-07,6.09E-11,72.78,123.88,4.08416,1246.02,221.35,0.02,267.2,2,381.16
C4H10O2,"1,2-dimethoxyethane",110-71-4,90.126,,358.15,537,,270.64,,,,,,,,,,,,,,,,,,,
C6HF5,pentafluorobenzene,363-72-4,168.066,225.85,358.89,530.97,35.37,324,0.26,0.374,200.0,1000.0,200.0-1000.0,1.197,0.072572,-7.37E-05,3.68E-08,-7.18E-12,143.02,,,,,,,,
C7H16,"3,3-dimethylpentane",562-49-2,100.204,138.25,359.19,536.3,29.5,414.1,0.274,0.269,200.0,1000.0,200.0-1000.0,-0.48,0.073415,-7.40E-06,-3.56E-08,1.82E-11,165.8,214.76,3.94912,1227.02,225.121,0.02,265.2,2,384.36
C6H15N,triethyl amine,121-44-8,101.192,158.45,362.9,535,30,390,0.263,,298.0,1000.0,298.0-1000.0,4.581,0.040089,5.79E-05,-1.00E-07,4.19E-11,161,,,,,,,,
C7H16,"2,3-dimethylpentane",565-59-3,100.204,82.6,362.91,537.3,29.1,393,0.256,0.297,200.0,1000.0,200.0-1000.0,-4.314,0.096708,-6.45E-05,2.23E-08,-3.13E-12,160.83,218.28,3.98066,1238.986,221.942,0.04,281.56,2,387.89
C7H16,2-methylhexane,591-76-4,100.204,154.89,363.18,530.1,27.3,421,0.261,0.331,200.0,1000.0,200.0-1000.0,3.452,0.046373,5.45E-05,-9.88E-08,4.09E-11,164.5,222.97,3.99739,1235.52,219.497,0.02,270.55,2,387.88
C3H6O3,dimethylcarbonate,616-38-6,90.084,,363.24,557,48,251.63,0.261,0.336,,,,,,,,,,,,,,,,,
C6H2F4,"1,2,4,5-tetrafluorobenzene",327-54-8,150.076,,363.5,543.35,37.99,,,0.357,200.0,1000.0,200.0-1000.0,0.007,0.069341,-6.19E-05,2.34E-08,-2.02E-12,131.21,,,,,,,,
C7H14,"trans-1,3-dimethylcyclopentane",1759-58-6,98.188,139.18,363.9,553,34,363.3,0.276,0.253,298.0,1000.0,298.0-1000.0,-2.522,0.060538,2.70E-05,-7.57E-08,3.36E-11,134.5,190.9,3.95279,1232.161,221.42,0.02,269.74,2,389.15
C7H14,"cis-1,3-dimethylcyclopentane",2532-58-3,98.188,139.45,364.71,551,34,363.3,0.277,0.276,298.0,1000.0,298.0-1000.0,-2.522,0.060538,2.70E-05,-7.57E-08,3.36E-11,134.5,190,4.00405,1259.821,223.53,0.02,270.52,2,389.83
C7H16,3-methylhexane,589-34-4,100.204,149.35,365,535.2,28.1,404,0.255,0.323,,,,,,,,,163.6,221.25,3.99571,1242.018,219.435,0.02,271.9,2,389.82
C4H10S,3-thiapentane (diethyl sulfide),352-93-2,90.189,169.22,365.25,557,39.6,318,0.269,0.295,273.0,1000.0,273.0-1000.0,4.335,0.026082,3.96E-05,-6.88E-08,2.90E-11,116.57,171.5,4.05326,1257.833,218.662,0.02,273.1,2,389.71
C5H10O2,methyl 2-methylpropanoate,547-63-7,102.133,188.45,365.45,540.8,34.3,339,0.259,,,,,,,,,,132,191,,,,,,,
C7H16,3-ethylpentane,617-78-7,100.204,154.57,366.63,540.5,28.9,415.8,0.267,0.311,200.0,1000.0,200.0-1000.0,7.598,0.019547,0.00011641,-1.61E-07,6.38E-11,166,219.58,4.00449,1254.055,220.136,0.02,272.9,2,391.62
C7H14,1-heptene,592-76-7,98.188,153.45,366.79,537.3,29.2,409,0.267,0.343,200.0,1000.0,200.0-1000.0,7.52,0.012824,0.0001267,-1.76E-07,7.04E-11,153.46,211.8,4.02677,1258.34,219.3,0.02,273.62,2,391.59
C2Br2ClF3,"1,2-dibromo-2-chloro-1,1,2-trifluroethane",354-51-8,276.278,323.15,367.06,561.2,36.1,357.8,0.285,0.251,,,,,,,,,,,3.84523,1166.348,209.87,0.02,272.65,2,392.37
C6H12O,butylvinylether,111-34-2,100.163,,367.13,540.5,32,383.62,0.273,0.358,,,,,,,,,,,,,,,,,
C5H10O,3-methyl-2-butanone (methyl isopropyl ketone),563-80-4,86.134,181.15,367.55,567.7,36.2,310,0.238,0.216,,,,,,,,,124.1,180.1,3.46583,955.43,181.73,0.02,276.4,2,393.31
C3H3NO,"1,2-oxazole(isoxazole)",288-14-2,55.058,,368.61,590,61,190.94,0.237,0.258,50.0,1000.0,50.0-1000.0,3.911,-0.009705,0.0001038,-1.35E-07,5.36E-11,59.01,96.48,,,,,,,
C3H6Cl2,"1,2-dichloropropane",78-87-5,112.187,172.65,369.43,578,46.5,287.66,0.278,0.255,298.0,1000.0,298.0-1000.0,1.697,0.040582,-2.25E-05,-3.80E-10,3.77E-12,98.27,,,,,,,,
C3H6O,2-propen-1-ol (allyl alcohol),107-18-6,58.08,,370.23,545.1,,,,,298.0,1000.0,298.0-1000.0,0.248,0.034938,-1.69E-05,-1.92E-09,3.24E-12,76.01,138.9,8.78252,4510.213,416.797,0.03,294,1,370.23
C3H8O,1-propanol,71-23-8,60.096,147,370.93,536.78,51.75,219,0.254,0.629,50.0,1000.0,50.0-1000.0,4.712,0.006565,6.31E-05,-8.34E-08,3.22E-11,85.56,143.73,4.99991,1512.94,205.807,0.02,293.19,2,389.32
C5H10O2,2-methylpropyl methanoate (isobutyl formate),542-55-2,102.133,177.35,371.22,551,38.8,352,0.298,0.4,,,,,,,,,136.6,217,3.9845,1195.9,202.5,0.03,288,2,395.32
C7H16,heptane,142-82-5,100.204,182.59,371.57,540.2,27.4,428,0.261,0.35,200.0,1000.0,200.0-1000.0,9.634,0.004156,0.00015494,-2.01E-07,7.77E-11,165.2,224.98,4.02023,1263.909,216.432,0.02,277.71,2,396.53
C5H10O2,ethyl propanoate,105-37-3,102.133,199.25,372.18,546,33.6,345,0.255,0.39,,,,,,,,,131.9,197.6,4.144,1274.7,209,0.02,282.4,2,395.85
C8H18,"2,2,4-trimethylpentane (isooctane)",540-84-1,114.231,165.8,372.39,543.9,25.7,469.7,0.266,0.304,200.0,1000.0,200.0-1000.0,0.384,0.077059,6.65E-06,-5.57E-08,2.62E-11,188.41,238.55,3.93646,1257.85,220.767,0.02,275.5,2,398.38
C4H10O,2-butanol (sec-butanol),78-92-2,74.123,158.5,372.66,536.05,41.79,269,0.252,0.574,50.0,1000.0,50.0-1000.0,3.86,0.028561,2.73E-05,-5.14E-08,2.12E-11,112.74,199,,,,,,,
H2O,water,7732-18-5,18.015,273.15,373.15,647.14,220.64,55.95,0.229,0.344,50.0,1000.0,50.0-1000.0,4.395,-0.004186,1.41E-05,-1.56E-08,6.32E-12,33.58,75.29,5.11564,1687.537,230.17,0.01,273.2,16,473.2
CH2O2,methanoic acid ,64-18-6,46.026,281.5,374.04,588,58.07,,,0.316,50.0,1000.0,50.0-1000.0,3.809,0.001568,3.59E-05,-4.41E-08,1.67E-11,53.45,99.17,,,,,,,
C7H14,methylcyclohexane,108-87-2,98.188,146.56,374.09,572.19,34.71,368,0.268,0.235,50.0,1000.0,50.0-1000.0,3.148,0.018438,0.00013624,-1.88E-07,7.36E-11,135.8,184.5,3.98232,1290.968,223.701,0.02,276.68,2,400.13
CH3NO2,nitromethane,75-52-5,61.04,244.6,374.35,588,58.7,173,0.208,,50.0,1000.0,50.0-1000.0,4.196,-0.001102,5.16E-05,-6.72E-08,2.66E-11,57.22,106.8,,,,,,,
C4H8O2,"1,4-dioxane",123-91-1,88.106,284.15,374.5,587,51.7,238,0.255,,50.0,1000.0,50.0-1000.0,3.73,0.001851,0.00011781,-1.56E-07,6.18E-11,92.18,154.5,,,,,,,
D2O,deuterium oxide,7789-20-0,20.028,276.96,374.55,643.89,216.71,56.26,0.228,,50.0,1000.0,50.0-1000.0,4.274,-0.003465,1.38E-05,-1.48E-08,5.68E-12,34.26,84.35,5.04327,1616.76,219.54,0.2,335.17,2,394.54
C5H10O2,propyl ethanoate (propyl acetate),109-60-4,102.133,178.15,374.65,549.4,33.3,345,0.252,0.389,,,,,,,,,134.9,202.2,4.05548,1233.46,203.08,0.02,284.4,2,398.6
C5H10O,3-pentanone (diethyl ketone),96-22-0,86.134,234.2,375.14,561.5,37.3,336,0.268,0.342,200.0,1000.0,200.0-1000.0,8.071,0.013654,6.12E-05,-8.34E-08,3.25E-11,129.87,191,4.42708,1481.17,233.01,0.02,281.9,2,399.12
C5H12O,2-methyl-2-butanol,75-85-4,88.15,264.4,375.15,545,37.9,323,0.27,0.478,298.0,1000.0,298.0-1000.0,4.282,0.027248,6.65E-05,-1.07E-07,4.47E-11,131.69,247.9,3.6442,863.4,135.3,0.02,299,2,396.11
C5H10O,2-pentanone (methyl propyl ketone),107-87-9,86.134,196.34,375.39,561.1,36.9,301,0.238,0.346,200.0,1000.0,200.0-1000.0,7.836,0.009051,8.06E-05,-1.08E-07,4.28E-11,125.9,184.3,4.1514,1316.73,215.38,0.02,282.84,2,399.74
C5H10O2,methyl butanoate,623-42-7,102.133,187.35,375.9,554.4,34.8,340,0.257,0.381,,,,,,,,,133.1,200.8,4.10641,1271.06,207.21,0.02,284.9,2,399.96
C7H14,ethylcyclopentane,1640-89-7,98.188,134.7,376.59,569.5,33.97,375,0.269,0.27,50.0,1000.0,50.0-1000.0,5.847,-4.80E-05,0.00017507,-2.25E-07,8.66E-11,133.6,186.6,4.00408,1293.712,220.12,0.02,279.88,2,402.39
C8F18,octadecafluorooctane,307-34-6,438.059,,379.05,502.2,16.6,534.4,0.281,0.619,200.0,1000.0,200.0-1000.0,3.352,0.193679,-0.00024528,1.55E-07,-3.96E-11,358.07,429,,,,,,,
C4H8O2,"1,3-dioxane",505-22-6,88.106,228.15,379.2,588,45.8,257,0.241,,50.0,1000.0,50.0-1000.0,3.834,-0.000249,0.00011985,-1.55E-07,6.05E-11,89.47,143.9,,,,,,,
C8H18,"2,2,3,3-tetramethylbutane",594-82-1,114.231,373.94,379.44,567.8,28.7,482,0.28,0.248,200.0,1000.0,200.0-1000.0,0.768,0.07295,1.66E-05,-6.32E-08,2.89E-11,187.19,279.1,3.9042,1270.1,219.5,0.9,375.2,2,406
C8H18,"2,2-dimethylhexane",590-73-8,114.231,151.98,379.99,549.8,25.3,478,0.265,0.339,200.0,1000.0,200.0-1000.0,3.452,0.055222,6.07E-05,-1.13E-07,4.73E-11,188.3,249.2,3.95748,1271.18,214.83,0.02,283,2,405.96
C4H10O,2-methyl-1-propanol (isobutanol),78-83-1,74.123,,381.04,547.78,43,273,0.258,0.59,,,,,,,,,113,183,4.34504,1190.38,166.67,0.02,303.4,2,400.84
C5H11Cl,1-chloropentane,543-59-9,106.595,174.15,381.54,552,,,,,200.0,1000.0,200.0-1000.0,7.052,0.009759,0.0001021,-1.41E-07,5.64E-11,130.58,,3.93641,1271.16,215,0.02,283.72,2,407.81
C8H18,"2,5-dimethylhexane",592-13-2,114.231,181.99,382.26,550,24.9,482,0.262,0.357,200.0,1000.0,200.0-1000.0,-1.367,0.087285,-1.80E-05,-3.34E-08,1.86E-11,185.48,249.2,3.98112,1285.47,214.248,0.02,285.2,2,408.2
C6H15N,dipropyl amine,142-84-7,101.192,210.15,382.3,550,31.4,402,0.276,,,,,,,,,,,,,,,,,,
C8H18,"2,4-dimethylhexane",589-43-5,114.231,,382.58,553.5,25.6,472,0.263,0.344,200.0,1000.0,200.0-1000.0,-3.372,0.108645,-7.27E-05,2.18E-08,-1.03E-12,192.3,250.08,3.97399,1285.85,214.6,0.02,285.2,2,408.63
C8H18,"2,2,3-trimethylpentane",564-02-3,114.231,160.9,382.99,563.4,27.3,436,0.254,0.298,200.0,1000.0,200.0-1000.0,-4.49,0.108022,-6.49E-05,1.44E-08,1.42E-12,185.64,245.39,3.94826,1293.94,218.355,0.02,283.9,2,409.56
C6H12O2,ethyl 2-methylpropanoate,97-62-1,116.16,185,383,553,30.7,421,0.281,,,,,,,,,,154,222,,,,,,,
C7H8,toluene,108-88-3,92.141,178.16,383.79,591.75,41.08,316,0.264,0.264,50.0,1000.0,50.0-1000.0,3.866,0.003558,0.00013356,-1.87E-07,7.69E-11,103.75,157.29,4.05043,1327.62,217.625,0.02,286.44,2,409.61
C8H18,"3,3-dimethylhexane",563-16-6,114.231,147.06,385.12,562,26.5,442.8,0.251,0.32,200.0,1000.0,200.0-1000.0,-2.093,0.09448,-2.81E-05,-2.81E-08,1.82E-11,190.87,246.6,3.97403,1306.96,217.376,0.02,286.1,2,411.59
C5H12O,3-methyl-2-butanol,598-75-4,88.15,,385.2,556.1,38.7,,,,,,,,,,,,,245.9,,,,,,,
C8H18,"2,3,4-trimethylpentane",565-75-3,114.231,163.97,386.62,566.3,27.3,456.2,0.267,0.316,,,,,,,,,191.59,248.61,3.977,1314.31,217.481,0.04,300.19,2,413.19
H4N2,hydrazine,302-01-2,32.045,274.68,386.65,653.01,147,101.1,0.282,,50.0,1000.0,50.0-1000.0,3.627,0.002239,2.88E-05,-4.06E-08,1.69E-11,49.12,96.8,4.9268,1679.07,227.7,0.02,298.9,2,408.43
C8H18,"2,3,3-trimethylpentane",560-21-4,114.231,172.48,387.92,573.5,28.2,455.1,0.269,0.291,200.0,1000.0,200.0-1000.0,-5.726,0.117939,-8.94E-05,4.01E-08,-8.16E-12,187.02,245.56,3.96421,1325.81,220.161,0.02,287,2,414.91
C5H5N,pyridine,110-86-1,79.101,231.43,388.37,620,56.7,254,0.267,0.242,298.0,1000.0,298.0-1000.0,-3.505,0.049389,-1.75E-05,-1.60E-08,1.10E-11,78.23,132.7,4.16749,1373.026,214.69,0.02,292.51,2,413.57
C8H18,"2,3-dimethylhexane",584-94-1,114.231,,388.76,563.4,26.3,468.2,0.263,0.347,200.0,1000.0,200.0-1000.0,-3.594,0.100983,-4.88E-05,-3.42E-09,7.89E-12,184.1,248.78,3.99236,1314.29,214.059,0.02,290,2,415.13
C8H18,3-ethyl-2-methylpentane,609-26-7,114.231,158.18,388.81,567,27,445.3,0.254,0.331,200.0,1000.0,200.0-1000.0,-0.873,0.095193,-5.32E-05,1.18E-08,0,192.05,248.91,3.9861,1317.05,215.229,0.02,289.5,2,415.31
C6H12O,4-methyl-2-pentanone (methyl isobutyl ketone),108-10-1,100.161,189.15,389.15,574.6,32.7,340.6,0.256,0.351,,,,,,,,,,,3.8222,1190.6904,195.45,0.02,293.4,2,415.85
C6H12O2,2-methylpropyl ethanoate (isobutyl acetate),110-19-0,116.16,174.25,389.72,561,31.6,413,0.266,0.456,,,,,,,,,154.3,241.1,4.3546,1462.4,219.7,0.02,295,2,414.22
C7H3F5,pentafluorotoluene,771-56-2,182.093,243.35,390.65,566.52,31.24,384,0.255,0.415,,,,,,,,,,,,,,,,,
C8H18,2-methylheptane,592-27-8,114.231,164.13,390.8,559.6,24.8,488.2,0.26,0.378,200.0,1000.0,200.0-1000.0,5.257,0.041188,9.74E-05,-1.57E-07,6.57E-11,187.23,251.99,4.03877,1335.22,213.415,0.03,299.81,2,416.95
C8H18,4-methylheptane,589-53-7,114.231,152.21,390.86,561.7,25.4,476,0.259,0.371,200.0,1000.0,200.0-1000.0,2.182,0.062828,4.42E-05,-1.00E-07,4.36E-11,187.02,251.08,4.02214,1325.704,212.367,0.02,292.5,2,417.05
C4H10O,1-butanol,71-36-3,74.123,183.35,390.88,563.05,44.23,275,0.26,0.59,50.0,1000.0,50.0-1000.0,4.467,0.016395,6.69E-05,-9.69E-08,3.86E-11,108.03,177.06,4.6493,1395.14,182.739,0.02,310.18,2,411.26
C8H18,"3,4-dimethylhexane",583-48-2,114.231,,390.88,568.8,26.9,458.8,0.265,0.338,200.0,1000.0,200.0-1000.0,-6.148,0.116522,-8.35E-05,2.96E-08,-3.44E-12,182.34,246.9,4.0031,1329.4,214.836,0.02,291.4,2,417.4
C2H4O2,ethanoic acid (acetic acid),64-19-7,60.053,289.77,391.04,594.45,57.9,171,0.2,0.445,50.0,1000.0,50.0-1000.0,4.375,-0.002397,6.76E-05,-8.76E-08,3.48E-11,63.44,123.1,4.54456,1555.12,224.65,0.02,297.58,2,414.97
C6ClF5,chloropentafluorobenzene,344-07-0,202.511,,391.11,570.81,32.37,376,0.256,0.4,200.0,1000.0,200.0-1000.0,2.994,0.074969,-8.45E-05,4.89E-08,-1.18E-11,158.3,,,,,,,,
C8H18,3-ethyl-3-methylpentane,1067-08-9,114.231,182.31,391.42,576.5,28.1,455.1,0.267,0.305,200.0,1000.0,200.0-1000.0,-1.35,0.088584,-1.96E-05,-3.14E-08,1.79E-11,187.99,245.89,3.9895,1345.92,219.584,0.02,290.1,2,418.46
C5H12S,3-methyl-1-butanethiol (isopentyl,541-31-1,104.216,139.64,391.5,604,35,364,0.254,0.191,,,,,,,,,142.3,200.3,4.03981,1342.509,214.446,0.02,292.6,2,417.78
C8H18,3-ethylhexane,619-99-8,114.231,,391.69,565.4,26.1,460.5,0.253,0.362,200.0,1000.0,200.0-1000.0,7.178,0.03372,0.00010365,-1.53E-07,6.09E-11,189.62,250.29,4.01533,1327.93,212.645,0.02,292.9,2,418.01
C7H14,cycloheptane,291-64-5,98.188,265.15,391.95,604.3,38.4,359,0.274,0.242,,,,,,,,,,,3.9633,1322.21997,215.297,0.02,291.4,2,418.89
C8H18,3-methylheptane,589-81-1,114.231,152.63,392.08,563.6,25.5,471.1,0.253,0.371,,,,,,,,,185.8,250.2,4.01533,1326.14,211.813,0.04,306.32,2,418.36
C5H12O,2-pentanol,6032-29-7,88.15,,392.3,560.3,36.75,329,0.26,0.561,,,,,,,,,,,4.42349,1291.212,173.13,0.008,298.12,0.735,383.34
C8H16,1-octene,111-66-0,112.215,171.46,394.44,567,26.8,468,0.266,0.393,200.0,1000.0,200.0-1000.0,8.745,0.01324,0.00015096,-2.09E-07,8.37E-11,176.1,241.4,4.05985,1355.46,213.05,0.02,295.47,2,420.71
C6H14O,2-methyl-2-pentanol,590-36-3,102.177,171.15,394.51,559.5,34.7,380,0.283,0.573,,,,,,,,,,,3.27663,811.05,126.6,0.02,309.5,2,419.12
C6H12O2,ethyl butanoate,105-54-4,116.16,175.15,394.69,566,30.6,421,0.274,0.463,,,,,,,,,154.6,255.7,3.27456,921.56,160.38,0.02,298,2,422.69
C9H20,"2,2,4,4-tetramethylpentane",1070-87-7,128.258,206.64,395.44,574.6,24.9,504,,0.314,200.0,1000.0,200.0-1000.0,3.621,0.067875,4.88E-05,-1.01E-07,4.29E-11,214.94,,3.92055,1324.65,216.08,0.02,292.79,2,423.04
C6H12O2,propyl propanoate,106-36-5,116.16,197.25,395.64,578,30.9,394,0.253,0.373,,,,,,,,,153.1,229.1,4.4489,1545.3,225.3,0.02,299.2,2,420.4
C6H12O,3-hexanone (ethyl propyl ketone),589-38-8,100.161,217.5,396.65,582.8,33.2,378,0.256,0.38,200.0,1000.0,200.0-1000.0,9.357,0.013505,8.74E-05,-1.19E-07,4.71E-11,152.51,216.8,4.11658,1359.88,207.3,0.02,299.6,2,422.25
C9H20,"2,2,5-trimethylhexane",3522-94-9,128.258,167.37,397.24,569.8,,519,,,200.0,1000.0,200.0-1000.0,-0.88,0.092152,-4.23E-06,-5.26E-08,2.60E-11,208.11,,3.97372,1332.86,211.81,0.02,296.3,2,424.25
C6H12O2,3-methylbutyl methanoate (isopentyl,110-45-2,116.16,179.65,397.28,578,31.3,411.4,0.252,0.4,,,,,,,,,155.8,241.3,4.2488,1439.4,215.1,0.02,300,2,422.66
C9F20,eicosafluorononane,375-96-2,488.067,,398.45,523.9,15.6,590.6,0.282,0.635,200.0,1000.0,200.0-1000.0,3.697,0.217163,-0.00027706,1.77E-07,-4.59E-11,400.11,,,,,,,,
C8H18,octane,111-65-9,114.231,216.39,398.82,568.7,24.9,492,0.259,0.399,200.0,1000.0,200.0-1000.0,10.824,0.004983,0.00017751,-2.31E-07,8.98E-11,187.78,254.15,4.05075,1356.36,209.635,0.02,299.42,2,425.23
BrF3,bromine trifluoride,7787-71-5,136.899,281.92,398.89,600,49.9,114.7,0.115,0.413,,,,,,,,,,,4.85464,1673.95,219.48,0.02,309.09,2,421.28
C6H12O2,butyl ethanoate (butyl acetate),123-86-4,116.16,199.65,399.12,579,30.9,412.8,0.253,0.407,,,,,,,,,151.5,228.4,4.5,1596.7,229.3,0.02,301,2,424.11
C6H12O2,methyl pentanoate,624-24-8,116.16,,400.55,567,31.9,416.3,0.267,,,,,,,,,,155.8,229.3,,,,,,,
C6H12O,2-hexanone (methyl butyl ketone),591-78-6,100.161,217.4,400.7,587,33.2,378,0.254,0.393,200.0,1000.0,200.0-1000.0,9.146,0.008701,0.00010736,-1.45E-07,5.77E-11,148.53,213.4,4.1533,1395.8,208.98,0.02,302.68,2,426.5
C6H14O,2-methyl-3-pentanol,565-67-3,102.177,,401.2,576,34.6,,,,,,,,,,,,,,,,,,,,
C6H7N,2-methylpyridine (2-picoline),109-06-8,93.128,206.45,402.5,621,46,335,0.26,0.299,50.0,1000.0,50.0-1000.0,4.156,0.002699,0.00012517,-1.74E-07,7.16E-11,100.17,158.4,4.1555,1415.41,211.73,0.02,303.19,2,428.63
C6H10O,4-methyl-3-penten-2-one (mesityl oxide),141-79-7,98.147,,402.86,605,,353.43,,,,,,,,,,,,,,,,,,,
C4H5N,pyrrole,109-97-7,67.09,249.74,403,639.7,63.3,200,0.238,,50.0,1000.0,50.0-1000.0,3.554,-0.006426,0.00012231,-1.70E-07,7.10E-11,71.6,127.74,,,,,,,
C6H12O2,pentyl methanoate (pentyl formate),638-49-3,116.16,199.65,403.55,576,30.9,412,0.254,,,,,,,,,,156.2,243,,,,,,,
C5H12O,3-methyl-1-butanol,123-51-3,88.15,155.95,403.69,579.4,39.1,325,0.264,0.559,,,,,,,,,,211,4.07851,1128.19,146.47,0.02,321.9,2,425.34
C5H8O,cyclopentanone,120-92-3,84.118,222.5,403.72,624.5,46,268,0.237,0.288,50.0,1000.0,50.0-1000.0,4.294,-0.001236,0.0001308,-1.75E-07,7.07E-11,95.32,154.5,,,,,,,
C5H12O,2-methyl-1-butanol,137-32-6,88.15,,403.79,575.4,39.4,,,0.605,,,,,,,,,,,4.48266,1360.367,173.22,0.004,298.12,0.711,393.7
C2H4Br2,"1,2-dibromoethane",106-93-4,187.862,283.05,404.5,582.9,71.5,261.7,,,298.0,1000.0,298.0-1000.0,3.784,0.024587,-7.50E-06,-8.86E-09,6.01E-12,85.31,135.6,,,,,,,
C6H14O,4-methyl-2-pentanol,108-11-2,102.177,,404.86,574.5,33.1,380,0.263,0.552,,,,,,,,,,,4.6618,1566.76,204.79,0.02,315,2,427.65
C6H5Cl,chlorobenzene,108-90-7,112.558,227.9,404.91,632.4,45.2,308,0.265,0.251,200.0,1000.0,200.0-1000.0,0.104,0.038288,1.81E-05,-5.73E-08,2.72E-11,97.99,150.8,4.02012,1378.79,211.7,0.02,302.5,2,432.18
C9H20,"2,2-dimethylheptane",1071-26-7,128.258,160.16,405.97,577.8,23.5,525,0.257,0.383,,,,,,,,,211.3,283.4,3.9553,1346.1,208,0.02,303,2,433
C9H20,"2,2,3,4-tetramethylpentane",1186-53-4,128.258,152.06,406.18,592.7,25.3,490,0.258,0.301,200.0,1000.0,200.0-1000.0,-5.422,0.123507,-8.03E-05,2.59E-08,-2.61E-12,207.3,252.7,3.95552,1373.79,214.78,0.02,301.4,2,434.2
C7H14O2,ethyl 3-methylbutanoate,108-64-5,130.187,173.85,407.45,588,27.3,447,0.25,,,,,,,,,,176,253,,,,,,,
C7H14O2,propyl 2-methylpropanoate,644-49-5,130.187,,408.55,589,27.3,447,0.249,,,,,,,,,,175,254,,,,,,,
C6H14O,3-hexanol,623-37-0,102.177,,408.94,582.4,33.6,383,0.266,0.539,,,,,,,,,,269.3,6.1625,2662.265,296.62,0.008,298,1,411
C8H10,ethylbenzene,100-41-4,106.167,178.18,409.36,617.15,36.09,374,0.263,0.304,50.0,1000.0,50.0-1000.0,4.544,0.010578,0.00013644,-1.93E-07,7.89E-11,127.4,185.96,4.06861,1415.77,212.3,0.02,306.32,2,436.63
C7H14O2,2-methylpropyl propanoate,540-42-1,130.187,201.75,409.75,592,27.3,447,0.248,0.375,,,,,,,,,179.5,268,3.5618,1042.3,156.5,0.03,321.6,2,436.3
C10H22,"2,2,5,5-tetramethylhexane",1071-81-4,142.285,260.6,410.61,581.4,21.9,,,0.377,200.0,1000.0,200.0-1000.0,0.8,0.087376,3.17E-05,-9.35E-08,4.14E-11,228.78,,4.00614,1377.98,207,0.02,307.68,2,438.06
C5H12O,1-pentanol,71-41-0,88.15,194.25,411.16,588.15,39.09,326,0.262,0.579,200.0,1000.0,200.0-1000.0,5.53,0.016887,9.43E-05,-1.37E-07,5.61E-11,130.7,208.1,4.39646,1336.01,166.32,0.02,326.01,2,433.05
C8H10,"1,4-dimethylbenzene (p-xylene)",106-42-3,106.167,286.41,411.53,616.2,35.11,378,0.259,0.322,50.0,1000.0,50.0-1000.0,4.113,0.014909,0.0001181,-1.67E-07,6.74E-11,126.02,181.66,4.10494,1446.832,214.627,0.02,307.81,2,438.88
C8H10,"1,3-dimethylbenzene (m-xylene)",108-38-3,106.167,225.28,412.34,617,35.41,375,0.259,0.327,50.0,1000.0,50.0-1000.0,4.002,0.017537,0.0001059,-1.50E-07,6.01E-11,125.71,188.44,4.14051,1468.703,216.12,0.02,308.54,2,439.56
C4H6O3,acetic anhydride,108-24-7,102.09,199,412.69,606,40,,,0.456,298.0,1000.0,298.0-1000.0,-1.274,0.050172,-1.46E-05,-1.95E-08,1.24E-11,99.51,124.1,,,,,,,
C6H14O,2-hexanol,626-93-7,102.177,223,413.02,586.2,33.8,383,0.266,0.562,,,,,,,,,,,4.93223,1696.19,204.43,0.02,324.5,2,434.97
C9H20,"2,2,3,3-tetramethylpentane",7154-79-2,128.258,263.26,413.44,607.6,27.4,478,0.269,0.304,200.0,1000.0,200.0-1000.0,-6.019,0.131511,-9.92E-05,4.52E-08,-9.34E-12,209.8,284.2,3.95319,1397.69,213.78,0.02,306.6,2,442
C5H10O,cyclopentanol,96-41-3,86.134,,413.49,619.5,49,,,0.42,50.0,1000.0,50.0-1000.0,4.37,0.005723,0.00013357,-1.88E-07,7.73E-11,113,184.5,,,,,,,
C3H6O2,propanoic acid,79-09-4,74.079,252.31,414.31,604,45.3,233,0.207,0.539,,,,,,,,,,152.8,4.75466,1662.582,209.046,0.02,321.72,2,437.41
C9H20,"2,3,3,4-tetramethylpentane",16747-38-9,128.258,171.05,414.71,607.1,26.7,493,0.261,0.309,200.0,1000.0,200.0-1000.0,-9.189,0.161921,-0.00017927,1.27E-07,-3.87E-11,218.3,275.7,3.99105,1422.03,215.256,0.02,307.81,2,443.27
C7H14O2,3-methylbutyl ethanoate (isopentyl acetate),123-92-2,130.187,194.65,415.2,599,28.1,442,0.249,,,,,,,,,,173.5,265.4,,,,,,,
C9H20,2-methyloctane,3221-61-2,128.258,192.79,416.44,587,23.1,529,0.25,0.423,200.0,1000.0,200.0-1000.0,5.914,0.047039,0.00010387,-1.67E-07,6.85E-11,212.05,271.5,4.0366,1399.9,204,0.02,313,2,444
C7H14O2,propyl butanoate,105-66-8,130.187,177.95,416.5,600,27.8,449,0.25,0.399,,,,,,,,,175.8,257.2,3.40455,1019.49,156.6,0.02,316,2,445.04
C7H9N,"2,6-dimethylpyridine (2,6 lutidine)",108-48-5,107.155,267.03,416.91,623.8,39.8,367,0.282,0.373,50.0,1000.0,50.0-1000.0,3.413,0.031807,5.28E-05,-8.85E-08,3.61E-11,128.75,189.6,4.08748,1407.25,201.001,0.02,315.34,2,443.79
C6H7N,3-methylpyridine (3-picoline),108-99-6,93.128,254.96,417.28,645,44.8,288,0.241,0.279,50.0,1000.0,50.0-1000.0,4.14,0.00278,0.00012458,-1.73E-07,7.12E-11,99.99,158.7,4.1893,1492.13,212.53,0.02,314.03,2,444.37
C10F22,docosafluorodecane,307-45-9,538.075,,417.35,542.3,14.5,624.2,0.279,,200.0,1000.0,200.0-1000.0,4.042,0.240657,-0.00030888,1.99E-07,-5.22E-11,442.15,,,,,,,,
C8H10,"1,2-dimethylbenzene (o-xylene)",95-47-6,106.167,247.97,417.59,630.3,37.32,370,0.263,0.312,50.0,1000.0,50.0-1000.0,3.289,0.034144,4.99E-05,-8.34E-08,3.34E-11,132.31,188.07,4.09789,1458.706,212.041,0.02,312.75,2,445.3
C6H7N,4-methylpyridine (4-picoline),108-89-4,93.128,276.8,418.49,645.7,46.6,325.62,0.253,0.305,50.0,1000.0,50.0-1000.0,3.904,0.004296,0.00012062,-1.69E-07,6.94E-11,99.7,159,4.1675,1481.571,,0.02,315.05,2,445.68
C7H14O2,ethyl pentanoate,539-82-2,130.187,181.95,419.25,570,27.8,449,0.263,,,,,,,,,,177.3,257.5,,,,,,,
C7H12O2,butyl-2-propenoate(butylacrylate),141-32-2,128.175,,419.77,644,,427.54,,0.312,,,,,,,,,,,,,,,,,
C9H18,1-nonene,124-11-8,126.242,191.8,420.03,594,23.3,526,0.248,0.411,200.0,1000.0,200.0-1000.0,9.963,0.013704,0.00017511,-2.42E-07,9.69E-11,198.74,271.2,4.0792,1436.2,205.69,0.02,316.02,2,447.59
C6H14O,2-methyl-1-pentanol,105-30-6,102.177,,420.76,604.4,34.5,,,0.498,,,,,,,,,,249.2,6.1979,2625.143,276.33,0.003,298,1,423
C8H16O2,2-methylpropyl-2-methylpropanoate,97-85-8,144.214,192.45,421.75,602,24.5,501,0.245,,,,,,,,,,,,,,,,,,
C4H10N2,piperazine,110-85-0,86.136,384.6,421.772,661,,267.5,,,,,,,,,,,,,,,,,,,
C10H22,"2,2,5-trimethylheptane",20291-95-6,142.285,,423.9,598.9,22.4,569,0.256,0.398,200.0,1000.0,200.0-1000.0,-0.961,0.100294,2.37E-06,-6.88E-08,3.36E-11,229.2,306.4,4.00345,1417.4,203.8,0.02,318,2,452
C9H20,nonane,111-84-2,128.258,219.66,423.97,594.6,22.9,555,0.257,0.445,200.0,1000.0,200.0-1000.0,12.152,0.004575,0.00020416,-2.68E-07,1.05E-10,210.41,284.45,4.07356,1438.03,202.694,0.02,319.57,2,451.64
C8H16,cyclooctane,292-64-8,112.215,287.95,424.31,647.2,35.7,410,0.271,0.254,50.0,1000.0,50.0-1000.0,4.236,0.013119,0.00016313,-2.11E-07,7.99E-11,146.19,215.5,3.98125,1434.67,209.712,0.02,316,2,453.27
C6H14O,4-methyl-1-pentanol,626-89-1,102.177,,424.93,603.5,36.3,380,0.275,0.588,,,,,,,,,,,4.17605,1273.35,153.56,0.02,336.4,2,448.19
C9H12,1-methylethylbenzene (cumene),98-82-8,120.194,177.12,425.52,631,32.09,434.7,0.261,0.326,50.0,1000.0,50.0-1000.0,2.985,0.034196,0.00011938,-2.02E-07,8.92E-11,159.69,213.3,4.06112,1460.766,207.83,0.02,318.92,2,453.81
C4H8O2,2-methylpropanoic acid,79-31-2,88.106,227.05,427.57,605,37,290,0.213,0.618,,,,,,,,,,173,3.71153,1097.83,141.74,0.02,334,2,453.31
C6H10O,cyclohexanone,108-94-1,98.144,,428.59,653,40,,,0.299,50.0,1000.0,50.0-1000.0,4.416,-0.001248,0.00017367,-2.36E-07,9.60E-11,116.19,,,,,,,,
C10H22,"3,3,5-trimethylheptane",7154-80-5,142.285,,428.83,609.6,23.2,564,0.258,0.383,200.0,1000.0,200.0-1000.0,-2.999,0.118108,-4.18E-05,-2.36E-08,1.72E-11,232.8,295.3,3.98014,1435.43,205.49,0.02,320,2,458
C8H16O2,propyl 3-methylbutanoate,557-00-6,144.214,,429.05,609,24.9,502,0.247,,,,,,,,,,,,,,,,,,
C6H12O3,2-ethoxyethylacetate,111-15-9,132.165,,429.74,610.6,31.66,443.5,0.277,0.523,,,,,,,,,,,,,,,,,
C8H16,"t-1,4-dimethylcyclohexane",4/7/2207,112.215,239.85,429.75,587.7,,,,,50.0,1000.0,50.0-1000.0,3.902,0.020058,0.00015345,-2.07E-07,7.97E-11,155.19,210.3,4.02425,1457.08,205.99,0.02,321.75,2,458.51
C8H16O2,2-methylpropyl butanoate,539-90-2,144.214,,430.05,611,24.9,502,0.246,,,,,,,,,,,,,,,,,,
C7H9N,"2,5-dimethylpyridine (2,5 lutidine)",589-93-5,107.155,257.65,430.14,644.2,39.8,367,0.273,0.369,50.0,1000.0,50.0-1000.0,4.183,0.014253,0.00011226,-1.61E-07,6.61E-11,121.86,184.3,4.20857,1541.78,209.85,0.02,324.2,2,457.87
C6H14O,1-hexanol,111-27-3,102.177,229.2,430.44,611.4,35.1,381,0.263,0.573,200.0,1000.0,200.0-1000.0,6.784,0.01706,0.00011935,-1.71E-07,6.99E-11,153.3,232.5,4.18948,1295.59,152.51,0.02,340.8,2,453.83
C7H9N,"2,4-dimethylpyridine (2,4 lutidine)",108-47-4,107.155,209.23,431.55,647,38.7,367,0.264,0.351,50.0,1000.0,50.0-1000.0,4.247,0.013487,0.00011535,-1.66E-07,6.80E-11,122.01,183.4,4.20962,1542.94,208.63,0.02,325.65,2,459.28
C9H12,propylbenzene,103-65-1,120.194,173.65,432.35,638.35,32,440,0.265,0.345,50.0,1000.0,50.0-1000.0,4.759,0.023956,0.00011859,-1.74E-07,7.06E-11,152.3,214.71,4.07664,1491.8,207.25,0.02,324.19,2,461.01
C3H9NO,2-ethoxymethanamine (2-methylaminoethanol),109-83-1,75.112,,432.39,630,53,259.01,0.262,0.604,,,,,,,,,,,,,,,,,
C8H19N,N-butyl-1-butanamine (dibutyl amine),111-92-2,129.246,211.15,432.8,602.3,25.7,512,0.263,,,,,,,,,,,,,,,,,,
C8H16O2,3-methylbutyl propanoate,105-68-0,144.214,,433.35,611,25.5,497,0.249,,,,,,,,,,,,,,,,,,
C10H22,"2,2,3,3-tetramethylhexane",13475-81-5,142.285,219.19,433.46,623,25.1,,,0.366,200.0,1000.0,200.0-1000.0,-7.678,0.153766,-0.00012616,6.17E-08,-1.32E-11,236.82,,3.96928,1464.03,209.06,0.02,322.38,2,463.2
C6H12O,cyclohexanol,108-93-0,100.161,297.65,433.94,648,40.75,333.88,0.253,0.366,50.0,1000.0,50.0-1000.0,3.239,0.021585,0.00010322,-1.48E-07,5.89E-11,128.06,,,,,,,,
C7H16O,2-heptanol,543-49-7,116.203,,434.2,608.3,30.21,442,,,,,,,,,,,,,,,,,,,
C7H9N,"2,3-dimethylpyridine (2,3 lutidine)",583-61-9,107.155,249.55,434.3,655.4,40.9,367,0.275,0.345,50.0,1000.0,50.0-1000.0,4.225,0.013393,0.00011364,-1.62E-07,6.59E-11,120.97,186,4.1857,1536.35,206400,0.02,327.9,2,462.24
C9H12,1-ethyl-4-methylbenzene,622-96-8,120.194,210.81,435.13,640.2,32.3,440,0.259,0.364,50.0,1000.0,50.0-1000.0,5.097,0.017385,0.000136,-1.93E-07,7.82E-11,148.25,210.3,4.10862,1517.577,207.9,0.02,326.56,2,463.82
C4H8O2,butanoic acid,107-92-6,88.106,267.97,436.87,624,40.3,292,0.227,0.6,,,,,,,,,,177.7,4.8234,1731.708,195.955,0.02,342.7,2,460.12
C9H12,"1,3,5-trimethylbenzene (mesitylene)",108-67-8,120.194,228.43,437.9,637.3,31.27,430,0.252,0.399,50.0,1000.0,50.0-1000.0,5.305,0.020039,0.00011606,-1.63E-07,6.50E-11,147.63,209.1,4.22541,1581.36,210.01,0.02,330.06,2,466.1
C8H16O2,propyl pentanoate,141-06-0,144.214,202.45,440.65,613,25.2,504,0.249,,,,,,,,,,,,,,,,,,
C8H18O,4-octanol,589-62-8,130.23,,440.72,625.1,,515,,,,,,,,,,,,337.6,5.08522,1816.393,190.02,0.0001,283,0.02,353
C9H12,"1,2,4-trimethylbenzene",95-63-6,120.194,229.35,442.49,649.1,32.32,435,0.256,0.377,50.0,1000.0,50.0-1000.0,5.319,0.020074,0.00012034,-1.69E-07,6.69E-11,149.71,215,4.17692,1579.353,209.29,0.02,332.64,2,471.34
H2S3,dihydrogen trisulfide,13845-23-3,98.214,,443.13,738,51.3,205,0.171,,,,,,,,,,,123.42,3.932,1488,209,0.02,328,2,473.96
C10H20,1-decene,872-05-9,140.269,206.89,443.75,617,22.2,584,0.253,,200.0,1000.0,200.0-1000.0,11.175,0.014222,0.00019908,-2.75E-07,1.10E-10,221.97,300.3,,,,,,,
C7H9N,"3,5-dimethylpyridine (3,5 lutidine)",591-22-0,107.155,266.65,445.06,667.2,38.7,367,0.256,0.351,50.0,1000.0,50.0-1000.0,3.995,0.005299,0.00017971,-2.42E-07,9.67E-11,132.01,200,4.2129,1595.15,207.24,0.02,335.73,2,473.68
C6H8O,2-cyclohexen-1-one,930-68-7,96.131,,445.49,685,45.3,305.18,0.243,0.308,,,,,,,,,,,,,,,,,
C10H14,2-methylpropylbenzene (isobutylbenzene),538-93-2,134.221,221.67,445.9,650,30.5,480,0.271,0.383,,,,,,,,,173.9,241,4.05978,1529.96,204.64,0.02,334.19,2,475.5
C10H22,decane,124-18-5,142.285,243.49,447.3,617.7,21.1,624,0.256,0.49,200.0,1000.0,200.0-1000.0,13.467,0.004139,0.00023127,-3.05E-07,1.20E-10,233.05,314.54,4.06853,1495.17,193.858,0.02,338.53,2,476.15
C9H12,"1,2,3-trimethylbenzene",526-73-8,120.194,247.77,449.23,664.5,34.54,435,0.267,0.367,50.0,1000.0,50.0-1000.0,4.042,0.031152,0.00010185,-1.63E-07,6.92E-11,155.07,216.1,4.1711,1598.241,207.62,0.02,337.8,2,478.5
C5H10O2,3-methylbutanoic acid,503-74-2,102.133,243.85,449.68,629,34,,,0.651,,,,,,,,,,197.1,4.5847,1676.3,189.5,0.02,350,2,474.97
C7H16O,1-heptanol,111-70-6,116.203,239.2,449.81,631.9,31.5,435,0.261,0.588,200.0,1000.0,200.0-1000.0,7.935,0.018023,0.00014223,-2.03E-07,8.26E-11,175.9,270.6,4.01991,1274.89,140.94,0.02,355.1,2,475.03
C10H14,1-(1-methylethyl)-4-methylbenzene (p-cymene),99-87-6,134.221,205.22,450.26,652,28,497,0.248,0.376,,,,,,,,,173.7,237.7,4.17215,1606.89,208.57,0.02,338.28,2,479.6
C9H10,indan,496-11-7,118.178,221.74,451,684.9,39.5,393,0.273,,,,,,,,,,,190.3,,,,,,,
C8H19N,n-octylamine,111-86-4,129.246,,451.7,641,26.17,517,0.254,0.446,,,,,,,,,,,,,,,,,
C9H18O2,3-methylbutyl butanoate,106-27-4,158.241,,452.09,619,23.3,500,0.226,0.583,,,,,,,,,221.4,320.4,4.50447,1805.08,222.3,0.02,342,2,480.28
C7H9N,"3,4-dimethylpyridine (3,4 lutidine)",583-58-4,107.155,262.15,452.29,683.8,40.9,367,0.264,0.337,50.0,1000.0,50.0-1000.0,4.135,0.015216,0.00010792,-1.55E-07,6.32E-11,121.78,186.3,4.1892,1605.14,204.55,0.02,341.1,2,481.43
C8H18O,2-octanol,123-96-6,130.23,241.15,453.03,637,28.1,493,0.262,0.531,,,,,,,,,,,3.5137,1060.4,122.5,0.02,354,2,480.72
C6H6O,phenol,108-95-2,94.113,314.05,455.04,694.25,61.3,229,0.243,0.442,50.0,1000.0,50.0-1000.0,2.582,0.017501,8.89E-05,-1.44E-07,6.32E-11,103.22,,4.2696,1523.42,175.4,0.02,353,2,481.62
C10H14,butylbenzene,104-51-8,134.221,185.19,456.42,660.5,28.9,497,0.262,0.393,200.0,1000.0,200.0-1000.0,6.49,0.01908,0.00015665,-2.21E-07,8.89E-11,173.86,243.39,4.10345,1575.47,201.2,0.02,343.5,2,486.2
C10H14,"1,4-diethylbenzene",105-05-5,134.221,230.3,456.9,657.9,28.03,480.5,0.247,0.403,298.0,1000.0,298.0-1000.0,-0.359,0.075371,4.42E-06,-5.74E-08,2.78E-11,176.15,239.1,4.12958,1592.59,202.44,0.02,343.95,2,486.6
C6H7N,benzeneamine (aniline),62-53-3,93.128,266.85,457.17,699,53.1,273.9,0.256,0.38,50.0,1000.0,50.0-1000.0,2.598,0.019936,8.44E-05,-1.34E-07,5.63E-11,107.9,191.9,4.4087,1692.77,200.44,0.02,349.86,2,484.81
I2,iodine,7553-56-2,253.809,386.76,457.56,819,,155,,,50.0,1000.0,50.0-1000.0,3.508,0.006303,-1.46E-05,1.47E-08,-5.31E-12,36.88,,4.1431,1611.9,205.18,0.15,392.49,2,487.51
C8H18O,2-ethyl-1-hexanol,104-76-7,130.23,203.2,457.77,640.5,27.99,,,0.558,,,,,,,,,,,,,,,,,
C5H10O2,pentanoic acid,109-52-4,102.133,239.45,459.31,643,35.8,336.2,,0.67,,,,,,,,,,210.3,4.1692,1405.8,151.8,0.02,361,2,484.78
C10H18,trans-bicyclo[4.4.0]decane (trans-decalin),493-02-7,138.253,242.75,460.42,687,32,480,0.272,0.303,298.0,1000.0,298.0-1000.0,-2.155,0.053852,0.0001261,-2.10E-07,9.07E-11,168.6,228.5,3.98171,1564.683,206.259,0.02,342.33,2,492
C10H12,1-methylindan,767-58-8,132.205,,463.8,694.1,35.3,448,0.274,,,,,,,,,,,,,,,,,,
C7H8O,2-methylphenol (o-cresol),95-48-7,108.14,302.95,464.17,697.6,50,282,0.243,0.436,50.0,1000.0,50.0-1000.0,2.876,0.026142,8.54E-05,-1.42E-07,6.19E-11,124.68,225.02,4.1834,1534.54,176.3,0.02,357.8,2,492.11
C10H12,2-methylindan,824-63-5,132.205,,464.5,695.3,35.3,448,0.274,,,,,,,,,,,,,,,,,,
C9H20O,2-nonanol,628-99-9,144.257,,466.7,649.6,25.3,575,0.269,,,,,,,,,,,,,,,,,,
C8H18O,1-octanol,111-87-5,130.23,257.65,468.33,652.5,28.6,490,0.258,0.594,200.0,1000.0,200.0-1000.0,9.193,0.018228,0.00016682,-2.36E-07,9.58E-11,198.6,302.4,3.90225,1274.8,131.99,0.02,368.8,2,495.15
C10H18,cis-bicyclo[4.4.0]decane (cis-decalin),493-01-6,138.253,230.14,468.92,703.6,32,480,0.265,0.276,298.0,1000.0,298.0-1000.0,-5.445,0.080068,5.07E-05,-1.18E-07,5.09E-11,168.1,232,4.00019,1594.46,203.392,0.02,349.53,2,500.79
C11H24,undecane,1120-21-4,156.312,247.57,469.08,639,19.8,689,0.257,0.537,,,,,,,,,255.69,345.05,4.0971,1569.57,187.7,0.02,356.25,2,499
C4H10O2,"1,2-butanediol",26171-83-5,90.126,,469.58,680,,303.05,,,,,,,,,,,,,,,,,,,
C10H14,"1,2,4,5-tetramethylbenzene (durene)",95-93-2,134.221,352.45,470,676,29,482,0.249,0.423,298.0,1000.0,298.0-1000.0,3.352,0.067376,5.27E-06,-4.88E-08,2.29E-11,186.5,,4.18329,1660.56,200.64,0.02,354.8,2,500.2
C8H10O,"2,6-dimethylphenol (2,6-xylenol)",576-26-1,122.167,318.75,474.18,701,46.3,520,0.272,0.489,50.0,1000.0,50.0-1000.0,2.604,0.05199,2.68E-05,-7.38E-08,3.34E-11,155.97,,4.19336,1627.23,187.547,0.02,361.76,2,503.66
C10H12,5-methylindan,874-35-1,132.205,,475.1,711.2,35.3,448,0.267,,,,,,,,,,,,,,,,,,
C7H8O,4-methylphenol (p-cresol),106-44-5,108.14,307.89,475.12,704.5,51.5,277,0.244,0.51,,,,,,,,,129.74,189.3,4.1805,1525.32,163400,0.02,369.1,2,502.93
C8H8O,methylphenylketone(acetophenone),98-86-2,120.153,,475.26,713,40.3,380.23,0.258,0.361,,,,,,,,,,,,,,,,,
C7H8O,3-methylphenol (m-cresol),108-39-4,108.14,284.95,475.38,705.7,45.6,312,0.241,0.452,50.0,1000.0,50.0-1000.0,2.881,0.027407,7.94E-05,-1.34E-07,5.84E-11,124.97,,4.2153,1556.83,167.6,0.02,368.8,2,503.28
C12H20,"1,3-dimethyltricyclo[3.3.1.13,7]decane (1,3-dimethyladamantane)",702-79-4,164.292,,476.44,708,,571.45,,,,,,,,,,,,,,,,,,,
C10H24N4,octamethylethenetetramine,996-70-3,200.326,,477.44,680,,646.21,,,,,,,,,,,,,,,,,,,
C8H10O,2-ethylphenol,90-00-6,122.167,269.84,477.67,703,43,342,0.252,0.475,298.0,1000.0,298.0-1000.0,-2.392,0.082472,-4.48E-05,-4.34E-09,8.90E-12,151.16,,4.13365,1550.44,171.074,0.02,367.9,2,506.61
C6H12O2,hexanoic acid,142-62-1,116.16,,478.38,662,32,377.2,,0.694,,,,,,,,,147.4,209.6,,,,,,,
C7H8O,benzyl alcohol,100-51-6,108.14,257.8,478.46,715,43,,,0.39,50.0,1000.0,50.0-1000.0,3.123,0.031032,6.15E-05,-1.08E-07,4.64E-11,127.3,,,,,,,,
C10H12,4-methylindan,824-22-6,132.205,,478.6,716.4,35.3,448,0.266,,,,,,,,,,,,,,,,,,
C10H12,"1,2,3,4-tetrahydronaphthalene",119-64-2,132.205,237.35,480.75,720,36.5,408,0.249,,,,,,,,,,,,,,,,,,
C4H10O2,"1,3-butanediol",107-88-0,136.154,,481.38,676,,305,,,,,,,,,,,,,,,,,,,
C8H10O,"2,4-dimethylphenol (2,4-xylenol)",105-67-9,122.167,297.68,484.09,707.6,42.8,510,0.249,0.506,50.0,1000.0,50.0-1000.0,3.752,0.041738,5.81E-05,-1.11E-07,4.86E-11,156.1,,4.18688,1592.78,170.004,0.02,373.76,2,513.04
C8H10O,"2,5-dimethylphenol (2,5-xylenol)",95-87-4,122.167,347.97,484.29,706.9,42.8,470,0.249,0.514,50.0,1000.0,50.0-1000.0,3.008,0.050507,2.96E-05,-7.55E-08,3.35E-11,157.09,,4.13449,1563.14,167.453,0.02,373.66,2,513.46
C9H20O,1-nonanol,143-08-8,144.257,268.15,486.52,668.9,26.3,544,0.261,0.633,200.0,1000.0,200.0-1000.0,10.35,0.019105,0.00019007,-2.69E-07,1.09E-10,221.2,334.2,3.83303,1297.75,125,0.02,382.1,2,515.58
C12H24,1-dodecene,112-41-4,168.323,237.95,486.95,658,19.3,,,,200.0,1000.0,200.0-1000.0,13.617,0.015108,0.00024747,-3.41E-07,1.37E-10,267.38,360.7,,,,,,,
C12H18,"1,3,5-triethylbenzene",102-25-0,162.276,,488.93,679,24.35,624.14,0.269,0.527,298.0,1000.0,298.0-1000.0,1.319,0.087791,1.41E-05,-7.68E-08,3.60E-11,224.42,,,,,,,,
C12H26,dodecane,112-40-3,170.338,263.57,489.48,658,18.2,754,0.251,0.576,200.0,1000.0,200.0-1000.0,17.229,-0.007242,0.00031922,-4.23E-07,1.70E-10,278.33,375.47,4.12285,1639.27,181.84,0.02,372.89,2,520.24
C8H10O,"2,3-dimethylphenol (2,3-xylenol)",526-75-0,122.167,345.95,490.03,722.8,46.3,470,0.263,0.496,,,,,,,,,164.1,,4.12202,1576.78,166.173,0.02,377.86,2,519.64
C8H10O,4-ethyl-phenol,123-07-9,122.167,318.18,491.15,716.4,40.5,342,0.233,0.491,298.0,1000.0,298.0-1000.0,-3.628,0.088368,-5.66E-05,6.16E-09,5.48E-12,148.83,,4.13227,1545.23999,156.468,0.02,381.67,2,520.01
C10H8,naphthalene,91-20-3,128.174,351.35,491.16,748.4,40.5,407,0.265,0.304,50.0,1000.0,50.0-1000.0,2.889,0.014306,0.00015978,-2.39E-07,1.02E-10,132.55,,4.13555,1733.71,201.859,0.02,368.44,2,523.4
C8H10O,3-ethylphenol,620-17-7,122.167,269.15,491.58,718.8,41.5,342,0.237,0.489,298.0,1000.0,298.0-1000.0,-4.029,0.090167,-5.88E-05,7.02E-09,5.46E-12,148.54,,4.16568,1572.26,159.52399,0.02,381.72,2,520.46
C8H10O,"3,5-dimethylphenol (3,5-xylenol)",108-68-9,122.167,336.75,494.85,715.6,41.3,610,0.237,0.544,50.0,1000.0,50.0-1000.0,2.869,0.043266,5.90E-05,-1.15E-07,5.05E-11,152.7,,4.26229,1645.27,164.821,0.02,384.32,2,523.67
C7H14O2,heptanoic acid,111-14-8,130.187,,495.35,679,29,429.7,,0.712,,,,,,,,,,,,,,,,,
C8H10O,"3,4-dimethylphenol (3,4-xylenol)",95-65-8,122.167,333.95,500.11,729.8,42.8,460,0.241,0.512,50.0,1000.0,50.0-1000.0,1.407,0.067846,-1.35E-05,-3.40E-08,1.95E-11,163.52,,4.21183,1627.78,160.041,0.02,388.5,2,529.34
C8H16O2,2-ethylhexanoic acid,149-57-5,144.218,,500.66,675,,554.68,,,,,,,,,,,,,,,,,,,
C10H22O,1-decanol,112-30-1,158.284,280.05,504.25,684.4,23.7,600,0.252,0.661,200.0,1000.0,200.0-1000.0,11.637,0.01913,0.00021517,-3.03E-07,1.22E-10,243.8,366,3.84905,1369,125.078,0.02,394.8,2,533.92
C13H28,tridecane,629-50-5,184.365,267.76,508.63,675,16.8,823,0.246,0.618,200.0,1000.0,200.0-1000.0,18.546,-0.007636,0.00034604,-4.60E-07,1.85E-10,300.97,406.89,4.13246,1690.67,174.22,0.02,388.85,2,540.19
C9H7N,quinoline,91-22-5,129.161,257.55,510.3,782,45,402,0.278,0.315,,,,,,,,,,194.9,4.1949,1812.25,195.45,0.02,385.18,2,543.11
C14H22,"1,4-di(trimethylmethyl)benzene (p-ditertbutylbenzene)",1012-72-2,190.33,350.8,510.43,708,23,732,0.286,0.506,,,,,,,,,,,,,,,,,
C8H16O2,octanoic acid,124-07-2,112.215,289.45,512.01,695,26.4,,,0.734,,,,,,,,,,298,,,,,,,
H2S4,dihydrogen tetrasulfide,13845-25-5,130.28,,513.14,855,43.7,260,0.16,,,,,,,,,,,154.1,4.07,1772,196,0.02,384,2,547.3
C11H10,2-methylnaphthalene,91-57-6,142.2,307.71,514.2,761,35.4,462,0.258,0.374,298.0,1000.0,298.0-1000.0,-4.671,0.093882,-4.33E-05,-1.33E-08,1.32E-11,154.6,,4.1934,1840.268,198.395,0.02,387.07,2,547.5
C9H7N,isoquinoline,119-65-3,129.161,299.62,516.35,803,47,402,0.283,,,,,,,,,,,,,,,,,,
C11H10,1-methylnaphthalene,90-12-0,142.2,242.69,517.84,772,36,462,0.259,0.348,298.0,1000.0,298.0-1000.0,-5.637,0.098625,-4.96E-05,-1.03E-08,1.28E-11,159.3,224.4,4.16082,1826.948,195.002,0.02,389.93,2,551.4
C16H34,"2,2,4,4,6,8,8-heptamethylnonane",4/9/4390,226.446,,520.25,693,15.7,,,0.548,,,,,,,,,,,,,,,,,
C11H24O,1-undecanol,112-42-5,172.311,,521.24,705,22.4,,,0.656,200.0,1000.0,200.0-1000.0,12.923,0.018973,0.00024124,-3.38E-07,1.37E-10,267.24,,,,,,,,
C14H30,tetradecane,629-59-4,198.392,279.01,526.76,693,15.7,894,0.244,0.644,200.0,1000.0,200.0-1000.0,18.375,0.006585,0.00032307,-4.27E-07,1.66E-10,323.61,438.48,4.1379,1740.88,167.72,0.02,403.69,2,559.15
C9H18O2,nonanoic acid,112-05-0,158.241,,527.74,711,24.3,,,0.748,,,,,,,,,,,,,,,,,
C12H10,"1,1-biphenyl",92-52-4,154.211,342.35,528.23,773,33.8,497,0.261,0.404,200.0,1000.0,200.0-1000.0,-0.843,0.061392,6.35E-05,-1.38E-07,6.17E-11,165.28,250.95,4.1887,1841.48,185.15,0.02,400.77,2,561.6
C12H12,"2,7-dimethylnaphthalene",582-16-1,156.227,368.85,535,775,32.3,,,,298.0,1000.0,298.0-1000.0,-3.288,0.101288,-4.75E-05,-1.08E-08,1.22E-11,187.08,,,,,,,,
C13H12,diphenylmethane,101-81-5,168.238,298.39,537.65,760,27.1,563,0.241,0.481,,,,,,,,,,266.1,4.1806,1862.64,181.65,0.02,408.2,2,571.7
C12H26O,1-dodecanol,112-53-8,186.338,297.1,537.79,720,20.8,718,0.249,0.684,200.0,1000.0,200.0-1000.0,14.073,0.019938,0.00026412,-3.70E-07,1.50E-10,289.95,,,,,,,,
C12H12,"1,6-dimethylnaphthalene",575-43-9,156.227,257,539.5,784,31,517,0.246,,298.0,1000.0,298.0-1000.0,-4.332,0.103947,-4.56E-05,-1.77E-08,1.57E-11,185.1,,,,,,,,
C10H20O2,decanoic acid,334-48-5,172.268,305.15,541.92,726,22.3,,,0.749,,,,,,,,,,,,,,,,,
C15H32,pentadecane,629-62-9,212.419,283.08,543.83,708,14.8,966,0.243,0.685,200.0,1000.0,200.0-1000.0,21.18,-0.008424,0.00039969,-5.33E-07,2.15E-10,346.25,469.95,4.14849,1789.95,161.38,0.02,417.8,2,576.9
C13H28O,1-tridecanol,112-70-9,200.365,,553.72,734,19.35,,,0.712,,,,,,,,,,,,,,,,,
H2S5,dihydrogen pentasulfide,13845-24-4,162.346,,558.1,930,38.9,315,0.158,,,,,,,,,,,184.78,4.445,2104,189,0.02,426,2,591.88
C16H34,hexadecane,544-76-3,226.446,291.32,559.98,723,14,1034,0.241,0.718,200.0,1000.0,200.0-1000.0,,,0.00114814,-1.56E-06,6.75E-10,368.89,501.45,4.15357,1830.51,154.45,0.02,431.47,2,593.8
C14H30O,1-tetradecanol,112-72-1,214.392,,569.04,747,18.1,,,0.744,,,,,,,,,,,,,,,,,
C17H36,heptadecane,629-78-7,240.473,295.13,574.56,736,13.4,1103,0.242,0.753,200.0,1000.0,200.0-1000.0,23.813,-0.00921,0.00045333,-6.06E-07,2.45E-10,391.53,534.34,4.1392,1865.1,149.2,0.02,443.5,2,610
C15H32O,1-pentadecanol,629-76-5,228.419,,583.68,759,17,,,0.778,,,,,,,,,,,,,,,,,
C18H38,octadecane,593-45-3,254.5,301.32,588.3,747,12.9,1189,0.247,0.8,200.0,1000.0,200.0-1000.0,25.13,-0.009603,0.00048015,-6.43E-07,2.59E-10,414.17,564.45,4.1271,1894.3,143.3,0.02,455,2,625
C16H34O,1-hexadecanol,4485-13-6,242.446,322.45,597.53,770,16.1,,,0.818,,,,,,,,,,,,,,,,,
C19H40,nonadecane,629-92-5,268.527,305.25,602.34,755,11.6,,,0.845,200.0,1000.0,200.0-1000.0,26.447,-0.009998,0.00050697,-6.79E-07,2.74E-10,436.81,595.94,4.1402,1932.8,137.6,0.02,466.5,2,639
C18H14,"1,2-diphenylbenzene",84-15-1,230.309,329.35,605.15,857,29.9,,,,,,,,,,,,,,,,,,,,
C17H36O,1-heptadecanol,1454-85-9,256.472,327,611.12,780,15,,,0.853,,,,,,,,,,,,,,,,,
C14H10,phenanthrene,85-01-8,178.233,372.35,611.55,869,28.7,554,0.22,0.479,50.0,1000.0,50.0-1000.0,2.374,0.038372,0.00016471,-2.68E-07,1.16E-10,185.16,,4.37081,2329.54,195.28,0.02,461.6,2,650
ClH4N,ammonium chloride,12125-02-9,53.491,793.2,613.16,882,,165,,,,,,,,,,,,,6.4806,3703.7,232,0.02,494,2,
C14H10,anthracene,120-12-7,178.233,492.65,614.39,869.3,28.7,554,0.22,0.501,50.0,1000.0,50.0-1000.0,2.577,0.031826,0.00018811,-2.97E-07,1.28E-10,182.29,,4.79891,2819.63,247.02,0.02,460,2,653
C20H42,eicosane,112-95-8,282.554,309.95,616.84,768,10.7,,,0.865,200.0,1000.0,200.0-1000.0,27.764,-0.010389,0.00053379,-7.16E-07,2.89E-10,459.45,627.45,4.2771,2032.7,132.1,0.02,481.1,2,652
C18H38O,1-octadecanol,112-92-5,270.499,331,623.57,790,14.4,,,0.892,,,,,,,,,,,,,,,,,
C21H44,heneicosane,629-94-7,296.58,313.65,629.65,778,10.3,,,,,,,,,,,,,,,,,,,,
C19H40O,1-nonadecanol,1454-84-8,284.526,,635.41,799,13.8,,,0.934,,,,,,,,,,,,,,,,,
C18H14,"1,3-diphenylbenzene",92-06-8,230.309,360.15,636.15,883,24.8,724,0.245,,,,,,,,,,,,,,,,,,
C22H46,docosane,629-97-0,310.607,317.55,641.75,786,9.8,,,,,,,,,,,,,,,,,,,,
C20H42O,1-eicosanol,629-96-9,298.553,339,647.69,809,13,,,0.954,,,,,,,,,,,,,,,,,
C18H14,"1,4-diphenylbenzene",92-94-4,230.309,483.25,649.15,908,29.9,729,0.289,,,,,,,,,,,,,,,,,,
C23H48,tricosane,638-67-5,324.634,320.65,653.35,790,9.2,,,,,,,,,,,,,,,,,,,,
C24H50,tetracosane,646-31-1,338.661,324.05,664.45,800,8.7,,,,,,,,,,,,,,,,,,,,
S,sulfur,7704-34-9,32.066,392.75,717.75,1313.01,182,158,0.263,,50.0,1000.0,50.0-1000.0,2.803,-3.60E-05,1.43E-06,-4.35E-09,2.68E-12,23.67,,3.96853,2500.12,186.3,0.02,527.98,2,768.55
Se,selenium,7782-49-2,78.96,494,957.95,1766,271.6,62.3,0.118,,,,,,,,,,,,4.7565,4213,202,0.02,724,2,1017
CO2,carbon dioxide,124-38-9,44.01,216.58,,304.12,73.74,94.07,0.274,0.225,50.0,1000.0,50.0-1000.0,3.259,0.001356,1.50E-05,-2.37E-08,1.06E-11,37.13,,,,,,,,
C3H2F6,"1,1,1,3,3,3-hexafluoropropane (R-236fa)",690-39-1,152.05,232.65,,398.1,,277.21,,0.377,,,,,,,,,,,,,,,,,
C3H3F5,"1,1,1,3,3-pentafluoropropane (R-245fa)",460-73-1,134.05,,,427,,259.28,,0.385,,,,,,,,,,,,,,,,,
C6F12,dodecafluorocyclohexane,355-68-0,300.047,335.65,,457.29,22.37,459,0.27,,,,,,,,,,,,,,,,,,
C7H16O,4-heptanol,589-55-9,116.203,,,602.6,,432,,,,,,,,,,,,317.6,,,,,,,
C8H18O,3-octanol,589-98-0,130.23,,,628.5,,515,,,,,,,,,,,,338.5,,,,,,,
D2S,deuterium sulfide,13536-94-2,36.094,187.15,,372.3,89,96,0.276,,50.0,1000.0,50.0-1000.0,4.29,-0.003944,1.97E-05,-2.27E-08,8.72E-12,36.13,,,,,,,,
D3P,trideuterophosphine,13537-03-6,37.016,,,323.6,65,,,,,,,,,,,,,,,,,,,,
F2Xe,xenon difluoride,13709-36-9,169.287,402.18,,631,93,149,0.264,,,,,,,,,,,,,,,,,,
F4Xe,xenon tetrafluoride,13709-61-0,207.284,390.25,,612,70.4,189,0.261,,,,,,,,,,,,,,,,,,
OT2,tritium oxide,14940-65-9,22.032,277.64,,641.72,214.1,56,0.225,,,,,,,,,,34.96,,,,,,,,
T2,tritium,10028-17-8,6.032,,,40,18.5,55.3,0.308,,,,,,,,,,29.2,,,,,,,,
